timestamp,src_ip,dst_ip,port,bytes,protocol,status,label,anomaly_type
2024-01-01T00:02:48.844031Z,192.168.2.112,203.0.113.1,25,597,TCP,TIMEOUT,normal,
2024-01-01T00:03:28.617086Z,10.0.0.224,10.0.0.109,5432,1082,UDP,RESET,normal,
2024-01-01T00:06:38.250484Z,192.168.1.191,203.0.113.9,587,2624,TCP,RESET,normal,
2024-01-01T00:10:43.385130Z,10.0.0.55,10.0.0.122,443,1251,UDP,OK,normal,
2024-01-01T00:16:50.483708Z,192.168.1.203,203.0.113.24,53,1180,TCP,OK,normal,
2024-01-01T00:17:20.371914Z,10.0.0.229,203.0.113.5,22,294,UDP,TIMEOUT,normal,
2024-01-01T00:17:55.404041Z,10.0.0.93,203.0.113.16,80,1465,TCP,OK,normal,
2024-01-01T00:21:07.457437Z,192.168.2.146,10.0.0.16,3306,2694,TCP,OK,normal,
2024-01-01T00:26:00.355618Z,192.168.2.114,192.168.1.219,8080,2574,UDP,OK,normal,
2024-01-01T00:29:36.066643Z,192.168.1.173,203.0.113.1,587,442,TCP,RESET,normal,
2024-01-01T00:32:29.309398Z,10.0.0.198,10.0.0.208,53,722,TCP,OK,normal,
2024-01-01T00:34:43.890277Z,192.168.1.141,203.0.113.17,443,347,UDP,OK,normal,
2024-01-01T00:39:59.149747Z,192.168.1.36,203.0.113.26,25,447,TCP,OK,normal,
2024-01-01T00:45:22.021347Z,10.0.0.69,192.168.1.187,8443,1346,TCP,TIMEOUT,normal,
2024-01-01T01:00:48.590278Z,192.168.2.115,192.168.2.97,8080,2242,TCP,OK,normal,
2024-01-01T01:10:53.390423Z,192.168.2.53,203.0.113.23,5432,1394,UDP,TIMEOUT,normal,
2024-01-01T01:13:27.931152Z,192.168.1.77,203.0.113.9,443,64,TCP,OK,normal,
2024-01-01T01:34:06.701283Z,192.168.2.249,192.168.2.116,22,934,UDP,TIMEOUT,normal,
2024-01-01T01:39:08.493354Z,10.0.0.209,203.0.113.13,25,2112,TCP,OK,normal,
2024-01-01T01:41:27.991351Z,10.0.0.62,203.0.113.20,8080,296,TCP,OK,anomaly,beaconing
2024-01-01T01:41:52.390734Z,10.0.0.168,203.0.113.9,3306,1007,UDP,OK,normal,
2024-01-01T01:42:19.495612Z,10.0.0.225,10.0.0.199,22,869,TCP,OK,normal,
2024-01-01T02:03:23.437340Z,192.168.2.1,10.0.0.130,80,944,TCP,OK,normal,
2024-01-01T02:08:56.458110Z,10.0.0.76,10.0.0.179,587,1786,UDP,OK,normal,
2024-01-01T02:10:10.114455Z,192.168.1.225,203.0.113.18,80,598,TCP,OK,normal,
2024-01-01T02:10:57.253176Z,192.168.1.203,10.0.0.157,80,1738,TCP,OK,normal,
2024-01-01T02:14:11.825884Z,10.0.0.98,203.0.113.2,8080,2121,TCP,OK,normal,
2024-01-01T02:18:22.714777Z,10.0.0.13,192.168.1.99,8443,527,UDP,TIMEOUT,normal,
2024-01-01T02:28:23.442865Z,192.168.2.169,10.0.0.46,53,1554,TCP,OK,normal,
2024-01-01T02:31:49.247194Z,192.168.2.248,192.168.1.10,8080,2413,TCP,OK,normal,
2024-01-01T02:33:40.490738Z,10.0.0.246,192.168.1.23,8443,1313,TCP,OK,normal,
2024-01-01T02:37:03.210172Z,192.168.1.159,203.0.113.18,22,3008,TCP,OK,normal,
2024-01-01T02:40:12.076088Z,192.168.2.168,10.0.0.101,587,1624,TCP,OK,normal,
2024-01-01T02:43:49.725102Z,192.168.1.13,203.0.113.14,22,2149,TCP,OK,normal,
2024-01-01T03:07:10.349359Z,192.168.2.228,203.0.113.6,80,1625,TCP,TIMEOUT,normal,
2024-01-01T03:10:41.699614Z,192.168.2.113,203.0.113.16,22,996,TCP,TIMEOUT,normal,
2024-01-01T03:14:50.238477Z,192.168.1.173,203.0.113.18,8443,1279,TCP,RESET,normal,
2024-01-01T03:15:42.142755Z,192.168.1.67,203.0.113.19,5432,1762,TCP,OK,normal,
2024-01-01T03:16:50.963412Z,192.168.2.32,192.168.1.194,53,1111,UDP,OK,normal,
2024-01-01T03:22:05.438935Z,192.168.1.239,203.0.113.23,80,2161,TCP,OK,normal,
2024-01-01T03:24:02.360324Z,10.0.0.169,203.0.113.10,443,2306,UDP,OK,normal,
2024-01-01T03:37:18.250756Z,192.168.1.3,192.168.1.69,587,1557,TCP,TIMEOUT,normal,
2024-01-01T03:39:26.090757Z,192.168.2.166,192.168.2.50,443,1664,TCP,OK,normal,
2024-01-01T03:41:15.019059Z,192.168.1.137,203.0.113.12,587,472,TCP,TIMEOUT,normal,
2024-01-01T03:44:27.652392Z,192.168.2.81,192.168.1.209,53,1307,UDP,OK,normal,
2024-01-01T03:54:19.066613Z,192.168.2.146,192.168.2.74,53,1904,TCP,TIMEOUT,normal,
2024-01-01T03:54:41.434934Z,192.168.2.145,192.168.2.177,443,1428,TCP,RESET,normal,
2024-01-01T03:55:14.839000Z,192.168.1.27,203.0.113.27,8443,1688,TCP,OK,normal,
2024-01-01T03:56:22.746938Z,192.168.2.172,203.0.113.16,443,2516,UDP,OK,normal,
2024-01-01T03:58:12.246571Z,10.0.0.122,192.168.2.195,443,1899,UDP,OK,normal,
2024-01-01T04:01:14.325513Z,192.168.1.7,203.0.113.28,3306,747,UDP,TIMEOUT,normal,
2024-01-01T04:04:08.005610Z,10.0.0.188,203.0.113.15,22,822,TCP,RESET,normal,
2024-01-01T04:05:49.548218Z,192.168.2.220,192.168.2.103,53,1143,UDP,TIMEOUT,normal,
2024-01-01T04:06:06.370459Z,192.168.1.211,203.0.113.24,22,2099,UDP,OK,normal,
2024-01-01T04:06:48.886883Z,192.168.1.146,192.168.2.96,53,64,TCP,OK,normal,
2024-01-01T04:18:21.144197Z,10.0.0.1,203.0.113.2,25,512,UDP,TIMEOUT,normal,
2024-01-01T04:25:10.455680Z,192.168.2.10,192.168.1.156,8443,217,UDP,RESET,normal,
2024-01-01T04:27:52.248822Z,10.0.0.210,203.0.113.23,443,710,TCP,TIMEOUT,normal,
2024-01-01T04:35:49.644864Z,192.168.2.9,203.0.113.5,80,1366,UDP,TIMEOUT,normal,
2024-01-01T04:42:12.455953Z,192.168.1.147,192.168.1.138,587,777,UDP,OK,normal,
2024-01-01T04:50:09.090949Z,10.0.0.99,192.168.2.103,5432,2388,UDP,TIMEOUT,normal,
2024-01-01T04:50:26.776302Z,192.168.1.226,203.0.113.12,5432,1941,UDP,OK,normal,
2024-01-01T04:54:48.672803Z,192.168.2.83,203.0.113.17,443,845,TCP,OK,normal,
2024-01-01T04:57:03.383739Z,10.0.0.207,203.0.113.14,53,1865,TCP,OK,normal,
2024-01-01T05:06:16.888228Z,192.168.2.142,203.0.113.5,8443,428,UDP,OK,normal,
2024-01-01T05:09:02.906180Z,10.0.0.59,203.0.113.29,3306,535,TCP,OK,normal,
2024-01-01T05:09:51.110631Z,10.0.0.204,203.0.113.3,22,1443,UDP,OK,normal,
2024-01-01T05:10:35.775468Z,192.168.2.22,192.168.2.51,587,1324,UDP,OK,normal,
2024-01-01T05:12:18.175553Z,192.168.2.72,192.168.1.53,5432,1472,UDP,RESET,normal,
2024-01-01T05:17:12.992689Z,10.0.0.100,10.0.0.131,22,262,TCP,OK,normal,
2024-01-01T05:18:07.357095Z,192.168.1.137,203.0.113.10,3306,906,UDP,RESET,normal,
2024-01-01T05:25:02.553361Z,10.0.0.167,192.168.1.37,587,2235,UDP,OK,normal,
2024-01-01T05:26:10.525730Z,192.168.1.169,203.0.113.17,22,1664,TCP,OK,normal,
2024-01-01T05:28:57.412004Z,192.168.2.186,203.0.113.11,8443,1107,UDP,OK,normal,
2024-01-01T05:30:11.826273Z,10.0.0.76,192.168.1.191,22,1340,UDP,OK,normal,
2024-01-01T05:33:05.886748Z,192.168.2.177,203.0.113.8,8443,64,UDP,RESET,normal,
2024-01-01T05:38:07.184837Z,10.0.0.97,203.0.113.28,80,2347,TCP,TIMEOUT,normal,
2024-01-01T05:40:15.457456Z,192.168.1.55,203.0.113.10,25,741,UDP,OK,normal,
2024-01-01T05:43:48.748743Z,10.0.0.199,10.0.0.219,587,905,UDP,OK,normal,
2024-01-01T05:46:12.489999Z,10.0.0.133,192.168.2.192,443,2265,TCP,OK,normal,
2024-01-01T05:49:19.115793Z,192.168.2.252,192.168.2.197,53,764,UDP,OK,normal,
2024-01-01T05:51:58.866468Z,10.0.0.55,192.168.1.95,5432,2561,TCP,OK,normal,
2024-01-01T05:52:48.253567Z,192.168.2.206,192.168.1.107,5432,446,TCP,OK,normal,
2024-01-01T06:28:42.377416Z,10.0.0.215,203.0.113.11,587,3792,TCP,RESET,normal,
2024-01-01T06:40:29.706921Z,10.0.0.225,192.168.1.205,80,408,TCP,OK,normal,
2024-01-01T06:54:56.327152Z,192.168.2.218,203.0.113.16,80,1433,UDP,RESET,normal,
2024-01-01T07:05:17.650454Z,192.168.1.245,203.0.113.3,8080,2491,TCP,TIMEOUT,normal,
2024-01-01T07:11:42.249539Z,10.0.0.229,192.168.1.3,80,2647,TCP,TIMEOUT,normal,
2024-01-01T07:20:13.903882Z,10.0.0.147,203.0.113.21,587,802,UDP,TIMEOUT,normal,
2024-01-01T07:28:08.939261Z,192.168.2.176,192.168.2.146,443,122,TCP,OK,normal,
2024-01-01T07:32:06.293853Z,192.168.1.197,203.0.113.17,587,949,UDP,OK,normal,
2024-01-01T07:32:45.423816Z,10.0.0.121,203.0.113.10,22,111016,TCP,OK,anomaly,volume
2024-01-01T07:43:47.136393Z,192.168.2.253,192.168.2.7,80,1491,TCP,OK,normal,
2024-01-01T07:47:17.788516Z,10.0.0.31,203.0.113.23,8080,2920,TCP,OK,normal,
2024-01-01T07:49:35.717017Z,10.0.0.130,203.0.113.25,25,870,TCP,OK,normal,
2024-01-01T07:51:36.349187Z,10.0.0.106,203.0.113.29,443,1946,UDP,OK,normal,
2024-01-01T07:55:39.094619Z,192.168.1.203,203.0.113.4,587,2459,TCP,RESET,normal,
2024-01-01T07:56:31.031851Z,10.0.0.46,203.0.113.3,22,999,TCP,OK,normal,
2024-01-01T07:57:28.892782Z,192.168.1.59,203.0.113.7,8443,1206,TCP,RESET,normal,
2024-01-01T07:58:34.742308Z,192.168.2.168,192.168.2.180,8080,1810,UDP,OK,normal,
2024-01-01T08:01:38.357806Z,192.168.1.12,203.0.113.10,443,2854,TCP,OK,normal,
2024-01-01T08:02:47.200034Z,192.168.1.109,10.0.0.186,80,2446,TCP,RESET,normal,
2024-01-01T08:06:12.282711Z,192.168.1.115,192.168.2.187,3306,1793,TCP,TIMEOUT,normal,
2024-01-01T08:10:37.469024Z,192.168.2.93,203.0.113.11,443,2250,UDP,OK,normal,
2024-01-01T08:12:12.531991Z,192.168.2.100,203.0.113.18,587,616,TCP,OK,normal,
2024-01-01T08:15:26.671785Z,192.168.1.45,203.0.113.6,8443,1450,UDP,RESET,normal,
2024-01-01T08:16:06.482235Z,10.0.0.208,192.168.1.166,587,1298,TCP,OK,normal,
2024-01-01T08:21:04.867716Z,10.0.0.83,10.0.0.84,587,1260,UDP,OK,normal,
2024-01-01T08:22:52.714922Z,10.0.0.14,203.0.113.10,25,390,TCP,OK,normal,
2024-01-01T08:23:31.291090Z,192.168.2.215,203.0.113.21,3306,64,UDP,RESET,normal,
2024-01-01T08:27:26.962122Z,10.0.0.112,203.0.113.12,25,548,TCP,RESET,normal,
2024-01-01T08:34:41.704273Z,10.0.0.45,192.168.2.33,25,780,UDP,OK,normal,
2024-01-01T08:37:49.518170Z,10.0.0.169,203.0.113.1,22,1420,TCP,OK,normal,
2024-01-01T08:42:40.915027Z,10.0.0.110,203.0.113.8,587,1728,TCP,RESET,normal,
2024-01-01T08:43:18.562740Z,10.0.0.23,192.168.2.43,443,1857,UDP,RESET,normal,
2024-01-01T08:56:49.243137Z,192.168.2.205,10.0.0.83,5432,64,TCP,OK,normal,
2024-01-01T09:02:44.246087Z,10.0.0.86,203.0.113.26,25,64,TCP,OK,normal,
2024-01-01T09:03:25.912488Z,192.168.1.148,203.0.113.18,25,485,TCP,OK,normal,
2024-01-01T09:05:11.643087Z,192.168.2.240,203.0.113.23,22,1897,TCP,TIMEOUT,normal,
2024-01-01T09:21:05.379387Z,10.0.0.31,203.0.113.15,3306,1247,TCP,OK,normal,
2024-01-01T09:21:09.136135Z,192.168.1.47,203.0.113.9,8443,2309,TCP,OK,normal,
2024-01-01T09:21:46.970005Z,192.168.2.171,203.0.113.27,53,1171,TCP,TIMEOUT,normal,
2024-01-01T09:23:15.898668Z,10.0.0.84,203.0.113.22,587,1951,UDP,TIMEOUT,normal,
2024-01-01T09:26:32.452519Z,10.0.0.204,192.168.2.35,80,1214,UDP,OK,normal,
2024-01-01T09:34:54.822402Z,10.0.0.2,10.0.0.57,8443,2045,UDP,OK,normal,
2024-01-01T09:37:53.216747Z,192.168.1.200,192.168.2.127,53,946,UDP,OK,normal,
2024-01-01T09:38:40.749952Z,192.168.2.231,192.168.1.21,5432,2185,TCP,OK,normal,
2024-01-01T09:43:18.541940Z,192.168.1.185,203.0.113.24,22,2073,UDP,OK,normal,
2024-01-01T09:45:23.432499Z,192.168.1.202,203.0.113.1,5432,1017,UDP,OK,normal,
2024-01-01T09:47:55.405562Z,192.168.2.199,203.0.113.19,587,2810,TCP,OK,normal,
2024-01-01T09:53:53.610914Z,10.0.0.244,192.168.1.109,8080,845,UDP,TIMEOUT,normal,
2024-01-01T09:57:40.185182Z,10.0.0.22,203.0.113.3,3306,522,UDP,OK,normal,
2024-01-01T10:00:08.844279Z,192.168.1.154,203.0.113.5,3306,2133,TCP,RESET,normal,
2024-01-01T10:03:20.548061Z,192.168.1.211,203.0.113.24,5432,1733,TCP,RESET,normal,
2024-01-01T10:03:33.220001Z,192.168.1.73,203.0.113.19,443,1230,UDP,OK,normal,
2024-01-01T10:06:22.555697Z,192.168.1.72,192.168.1.153,805,57,TCP,RESET,anomaly,portscan
2024-01-01T10:19:37.019180Z,10.0.0.4,203.0.113.11,8080,2705,UDP,RESET,normal,
2024-01-01T10:21:01.583405Z,192.168.2.164,203.0.113.5,22,1393,UDP,RESET,normal,
2024-01-01T10:22:03.645701Z,192.168.2.44,203.0.113.1,587,1610,UDP,OK,normal,
2024-01-01T10:22:40.848266Z,192.168.2.57,203.0.113.27,8443,977,UDP,OK,normal,
2024-01-01T10:23:58.092339Z,192.168.1.19,192.168.2.233,443,64,UDP,OK,normal,
2024-01-01T10:26:51.683108Z,10.0.0.7,10.0.0.202,22,1771,TCP,RESET,normal,
2024-01-01T10:27:32.223498Z,192.168.1.48,203.0.113.7,53,64,TCP,OK,normal,
2024-01-01T10:33:03.388495Z,192.168.2.75,203.0.113.4,443,132944,TCP,OK,anomaly,volume
2024-01-01T10:36:56.028459Z,10.0.0.62,192.168.2.145,22,3147,UDP,OK,normal,
2024-01-01T10:36:58.800332Z,192.168.2.8,10.0.0.66,25,2653,UDP,OK,normal,
2024-01-01T10:42:27.092461Z,10.0.0.137,192.168.1.82,5432,2467,TCP,OK,normal,
2024-01-01T10:46:29.515124Z,10.0.0.174,203.0.113.3,3306,1420,UDP,RESET,normal,
2024-01-01T10:59:47.009657Z,10.0.0.148,10.0.0.254,22,952,TCP,OK,normal,
2024-01-01T11:09:10.128425Z,192.168.1.35,203.0.113.29,22,1740,UDP,RESET,normal,
2024-01-01T11:09:16.605250Z,192.168.2.96,192.168.2.185,8443,1780,UDP,OK,normal,
2024-01-01T11:09:51.083707Z,10.0.0.167,203.0.113.25,25,1787,UDP,OK,normal,
2024-01-01T11:14:58.679781Z,192.168.2.94,203.0.113.1,3306,1434,TCP,RESET,normal,
2024-01-01T11:15:00.622629Z,192.168.1.135,10.0.0.182,8443,1577,TCP,RESET,normal,
2024-01-01T11:18:54.133969Z,10.0.0.215,203.0.113.15,587,1935,TCP,TIMEOUT,normal,
2024-01-01T11:22:55.335000Z,192.168.2.233,203.0.113.19,5432,304,TCP,OK,normal,
2024-01-01T11:30:26.084742Z,192.168.1.38,10.0.0.41,443,1344,UDP,OK,normal,
2024-01-01T11:31:09.209213Z,192.168.2.250,192.168.1.231,22,564,UDP,OK,normal,
2024-01-01T11:40:54.244200Z,10.0.0.68,203.0.113.17,8443,2266,UDP,OK,normal,
2024-01-01T11:50:13.622430Z,192.168.1.73,203.0.113.28,25,2143,UDP,TIMEOUT,normal,
2024-01-01T11:53:08.307401Z,192.168.1.201,192.168.1.171,443,1134,UDP,OK,normal,
2024-01-01T11:54:56.180467Z,192.168.1.143,203.0.113.9,587,1356,UDP,RESET,normal,
2024-01-01T11:57:26.101812Z,192.168.1.124,192.168.2.168,8443,2391,TCP,OK,normal,
2024-01-01T11:57:32.935255Z,10.0.0.121,203.0.113.8,53,456,TCP,OK,normal,
2024-01-01T11:58:04.605339Z,192.168.1.36,203.0.113.27,8080,1556,UDP,OK,normal,
2024-01-01T12:04:24.886693Z,10.0.0.3,192.168.2.13,5432,794,UDP,OK,normal,
2024-01-01T12:15:25.282754Z,192.168.2.23,203.0.113.22,8443,1367,TCP,OK,normal,
2024-01-01T12:19:16.845204Z,192.168.1.28,203.0.113.19,8443,839,UDP,OK,normal,
2024-01-01T12:21:46.803822Z,192.168.2.116,203.0.113.21,8443,2567,TCP,OK,normal,
2024-01-01T12:22:06.611781Z,192.168.1.142,10.0.0.50,3306,511,TCP,RESET,normal,
2024-01-01T12:22:58.619717Z,10.0.0.98,203.0.113.3,5432,1077,TCP,RESET,normal,
2024-01-01T12:24:27.429155Z,192.168.1.9,10.0.0.243,587,2596,TCP,TIMEOUT,normal,
2024-01-01T12:40:26.312844Z,192.168.1.174,192.168.2.38,443,1310,TCP,OK,normal,
2024-01-01T12:41:11.082101Z,192.168.1.204,10.0.0.35,8443,1381,UDP,OK,normal,
2024-01-01T12:46:14.623815Z,10.0.0.228,203.0.113.3,3306,1383,UDP,RESET,normal,
2024-01-01T12:51:41.628719Z,192.168.1.226,203.0.113.25,22,790,UDP,RESET,normal,
2024-01-01T12:51:58.174805Z,192.168.2.254,10.0.0.205,80,166,UDP,OK,normal,
2024-01-01T13:01:26.991506Z,192.168.1.247,203.0.113.10,22,1711,UDP,TIMEOUT,normal,
2024-01-01T13:02:28.631527Z,10.0.0.131,203.0.113.13,80,115372,TCP,OK,anomaly,volume
2024-01-01T13:03:50.164240Z,192.168.1.73,192.168.1.104,8080,2146,TCP,OK,normal,
2024-01-01T13:04:09.496992Z,192.168.1.19,192.168.2.138,443,1949,UDP,OK,normal,
2024-01-01T13:12:05.724427Z,192.168.1.44,203.0.113.27,80,1002,UDP,RESET,normal,
2024-01-01T13:12:07.726585Z,192.168.1.192,203.0.113.21,3306,1201,UDP,OK,normal,
2024-01-01T13:13:25.017422Z,192.168.2.149,10.0.0.155,25,820,TCP,OK,normal,
2024-01-01T13:27:22.678941Z,192.168.2.158,192.168.2.162,53,2922,TCP,TIMEOUT,normal,
2024-01-01T13:28:02.600317Z,10.0.0.49,10.0.0.174,3306,2293,UDP,TIMEOUT,normal,
2024-01-01T13:28:44.151908Z,10.0.0.131,203.0.113.9,80,96221,TCP,OK,anomaly,volume
2024-01-01T13:32:43.110557Z,192.168.2.217,203.0.113.16,22,64,TCP,OK,normal,
2024-01-01T13:38:09.368574Z,10.0.0.110,10.0.0.136,5432,1435,TCP,RESET,normal,
2024-01-01T13:39:38.944979Z,192.168.1.38,192.168.1.137,5432,1220,UDP,OK,normal,
2024-01-01T13:42:18.081223Z,192.168.2.76,192.168.2.226,587,2972,TCP,OK,normal,
2024-01-01T13:45:51.787655Z,192.168.1.235,203.0.113.15,587,2168,UDP,TIMEOUT,normal,
2024-01-01T13:47:06.808187Z,192.168.1.225,192.168.2.20,8443,1498,UDP,OK,normal,
2024-01-01T13:48:20.882241Z,192.168.1.221,203.0.113.14,53,1589,UDP,OK,normal,
2024-01-01T13:54:45.570014Z,192.168.2.9,10.0.0.166,53,3581,UDP,OK,normal,
2024-01-01T13:58:25.839526Z,10.0.0.209,10.0.0.168,8080,2144,UDP,RESET,normal,
2024-01-01T13:58:55.927822Z,192.168.2.31,192.168.1.206,53,815,TCP,OK,normal,
2024-01-01T14:03:32.736893Z,192.168.2.123,192.168.1.162,80,390,TCP,OK,normal,
2024-01-01T14:08:12.712972Z,10.0.0.40,203.0.113.10,25,233,TCP,RESET,normal,
2024-01-01T14:09:15.920423Z,192.168.2.217,10.0.0.94,8443,1398,UDP,TIMEOUT,normal,
2024-01-01T14:10:06.599688Z,192.168.2.41,203.0.113.14,80,1852,TCP,OK,normal,
2024-01-01T14:12:07.605585Z,10.0.0.53,203.0.113.1,8080,64,UDP,TIMEOUT,normal,
2024-01-01T14:12:22.018214Z,192.168.1.198,192.168.1.249,25,1566,TCP,OK,normal,
2024-01-01T14:15:39.859223Z,10.0.0.69,203.0.113.14,3306,1235,TCP,RESET,normal,
2024-01-01T14:20:49.252791Z,192.168.2.97,10.0.0.114,8080,293,TCP,OK,normal,
2024-01-01T14:22:59.664092Z,192.168.1.116,203.0.113.19,53,64,TCP,RESET,normal,
2024-01-01T14:26:04.759721Z,192.168.2.214,203.0.113.13,3306,983,TCP,OK,normal,
2024-01-01T14:51:30.351560Z,10.0.0.144,203.0.113.23,587,64,UDP,TIMEOUT,normal,
2024-01-01T15:15:33.830685Z,10.0.0.195,192.168.2.84,3306,1683,UDP,RESET,normal,
2024-01-01T15:19:43.265006Z,192.168.1.227,10.0.0.45,22,2101,TCP,OK,normal,
2024-01-01T15:25:12.608783Z,192.168.2.96,192.168.2.202,8443,2896,TCP,OK,normal,
2024-01-01T15:42:24.472463Z,192.168.1.196,203.0.113.18,22,1098,UDP,OK,normal,
2024-01-01T15:43:21.297078Z,192.168.1.109,203.0.113.24,443,2733,TCP,OK,normal,
2024-01-01T15:47:03.866534Z,10.0.0.177,192.168.1.146,53,1595,TCP,OK,normal,
2024-01-01T15:47:53.342056Z,10.0.0.176,10.0.0.187,8443,1544,UDP,TIMEOUT,normal,
2024-01-01T15:52:58.071792Z,192.168.1.144,203.0.113.29,53,1190,UDP,OK,normal,
2024-01-01T15:53:12.052613Z,192.168.2.50,192.168.1.201,22,841,TCP,TIMEOUT,normal,
2024-01-01T15:54:10.608508Z,192.168.2.33,203.0.113.25,53,1017,UDP,OK,normal,
2024-01-01T15:57:59.140278Z,192.168.2.174,192.168.1.26,8443,1183,UDP,TIMEOUT,normal,
2024-01-01T15:59:13.318738Z,192.168.1.69,10.0.0.103,443,468,TCP,OK,normal,
2024-01-01T16:07:20.523106Z,192.168.1.219,192.168.1.99,443,1553,TCP,OK,normal,
2024-01-01T16:11:59.888200Z,192.168.2.53,203.0.113.11,587,732,UDP,OK,normal,
2024-01-01T16:14:04.002093Z,192.168.1.64,203.0.113.23,8443,2304,UDP,OK,normal,
2024-01-01T16:15:21.334717Z,10.0.0.39,192.168.1.63,5432,1476,UDP,OK,normal,
2024-01-01T16:15:29.897586Z,192.168.1.191,203.0.113.21,22,1024,TCP,OK,normal,
2024-01-01T16:21:55.397993Z,192.168.1.202,203.0.113.16,53,1886,UDP,OK,normal,
2024-01-01T16:25:01.760020Z,192.168.1.253,10.0.0.206,80,2346,UDP,OK,normal,
2024-01-01T16:31:46.594006Z,192.168.1.171,203.0.113.21,22,74793,TCP,OK,anomaly,volume
2024-01-01T16:36:55.471755Z,10.0.0.190,192.168.2.27,587,2170,TCP,OK,normal,
2024-01-01T16:36:56.212278Z,192.168.2.10,203.0.113.23,5432,1855,UDP,OK,normal,
2024-01-01T16:39:42.735311Z,192.168.1.136,203.0.113.16,443,1760,TCP,TIMEOUT,normal,
2024-01-01T16:43:07.353071Z,10.0.0.237,192.168.1.89,3306,64,UDP,OK,normal,
2024-01-01T16:45:22.422047Z,192.168.1.48,203.0.113.16,22,651,TCP,TIMEOUT,normal,
2024-01-01T16:46:28.031853Z,192.168.1.194,203.0.113.19,80,534,TCP,OK,anomaly,beaconing
2024-01-01T16:51:58.302827Z,10.0.0.75,203.0.113.27,25,3497,TCP,OK,normal,
2024-01-01T16:55:29.165112Z,192.168.1.79,192.168.2.81,53,662,UDP,OK,normal,
2024-01-01T16:55:30.821060Z,10.0.0.198,192.168.2.147,53,2264,TCP,RESET,normal,
2024-01-01T16:56:34.880223Z,192.168.2.49,203.0.113.16,80,1454,TCP,OK,normal,
2024-01-01T16:58:31.482745Z,192.168.2.67,192.168.2.69,5432,1677,UDP,RESET,normal,
2024-01-01T16:59:22.139247Z,192.168.1.47,203.0.113.28,3306,1772,TCP,OK,normal,
2024-01-01T17:00:49.464653Z,192.168.2.123,203.0.113.26,587,1734,TCP,OK,normal,
2024-01-01T17:04:17.897632Z,192.168.2.207,192.168.2.136,3306,979,UDP,OK,normal,
2024-01-01T17:04:50.255016Z,192.168.2.225,192.168.2.50,80,2730,UDP,OK,normal,
2024-01-01T17:05:43.500611Z,192.168.2.179,192.168.1.25,587,729,UDP,OK,normal,
2024-01-01T17:05:49.808563Z,10.0.0.125,10.0.0.211,8080,2994,TCP,RESET,normal,
2024-01-01T17:06:51.414041Z,192.168.1.68,203.0.113.1,5432,1696,UDP,TIMEOUT,normal,
2024-01-01T17:10:47.134883Z,192.168.1.86,203.0.113.6,8443,886,TCP,RESET,normal,
2024-01-01T17:16:56.654381Z,10.0.0.240,203.0.113.10,53,2779,TCP,OK,normal,
2024-01-01T17:17:37.708323Z,10.0.0.173,203.0.113.26,587,1730,UDP,OK,normal,
2024-01-01T17:19:19.785792Z,192.168.2.47,203.0.113.9,53,1380,UDP,OK,normal,
2024-01-01T17:20:49.322627Z,10.0.0.147,203.0.113.15,53,1736,UDP,OK,normal,
2024-01-01T17:26:45.198446Z,192.168.2.106,192.168.1.61,5432,995,UDP,OK,normal,
2024-01-01T17:27:41.825243Z,192.168.2.169,203.0.113.10,5432,411,UDP,OK,normal,
2024-01-01T17:32:17.420055Z,192.168.2.14,203.0.113.2,8443,1275,TCP,OK,normal,
2024-01-01T17:34:04.439999Z,192.168.1.254,192.168.1.10,8443,2199,UDP,TIMEOUT,normal,
2024-01-01T17:34:34.213356Z,192.168.1.188,203.0.113.22,587,1931,UDP,OK,normal,
2024-01-01T17:37:13.839248Z,192.168.2.38,203.0.113.2,8080,1519,TCP,OK,normal,
2024-01-01T17:38:13.280082Z,192.168.2.42,203.0.113.4,25,64,TCP,OK,normal,
2024-01-01T17:42:59.730571Z,192.168.2.237,203.0.113.2,5432,1216,UDP,OK,normal,
2024-01-01T17:45:31.169396Z,10.0.0.124,192.168.2.13,587,1534,TCP,TIMEOUT,normal,
2024-01-01T17:47:05.557073Z,192.168.2.64,10.0.0.64,22,1591,UDP,OK,normal,
2024-01-01T17:48:58.941304Z,10.0.0.63,192.168.1.237,3306,356,UDP,RESET,normal,
2024-01-01T17:52:45.680271Z,192.168.1.206,10.0.0.100,53,280,TCP,RESET,normal,
2024-01-01T17:57:35.279234Z,10.0.0.170,10.0.0.7,8443,2166,TCP,OK,normal,
2024-01-01T17:58:15.644593Z,192.168.1.102,203.0.113.24,80,64,TCP,OK,normal,
2024-01-01T18:04:03.151594Z,10.0.0.119,192.168.1.17,22,676,UDP,OK,normal,
2024-01-01T18:06:36.448804Z,192.168.1.139,10.0.0.213,3306,1910,UDP,OK,normal,
2024-01-01T18:08:42.800173Z,10.0.0.170,203.0.113.11,8443,1186,TCP,TIMEOUT,normal,
2024-01-01T18:15:39.395546Z,192.168.1.151,192.168.2.1,5432,64,TCP,OK,normal,
2024-01-01T18:18:30.654544Z,192.168.2.210,203.0.113.4,8080,1168,UDP,TIMEOUT,normal,
2024-01-01T18:19:37.975188Z,192.168.2.237,10.0.0.21,25,1079,TCP,OK,normal,
2024-01-01T18:20:04.156800Z,10.0.0.21,203.0.113.4,25,1697,UDP,OK,normal,
2024-01-01T18:22:35.258627Z,10.0.0.106,10.0.0.240,80,1694,UDP,RESET,normal,
2024-01-01T18:24:37.671140Z,10.0.0.38,192.168.1.208,587,1800,TCP,OK,normal,
2024-01-01T18:41:30.194292Z,192.168.2.134,203.0.113.13,80,1581,TCP,OK,normal,
2024-01-01T18:57:30.073322Z,192.168.1.114,203.0.113.7,8443,272,UDP,OK,normal,
2024-01-01T19:08:06.570021Z,192.168.2.214,10.0.0.162,8080,839,TCP,OK,normal,
2024-01-01T19:14:56.012174Z,10.0.0.33,192.168.2.27,25,2068,UDP,OK,normal,
2024-01-01T19:31:07.877941Z,192.168.1.215,203.0.113.7,5432,2319,TCP,OK,normal,
2024-01-01T19:35:40.159698Z,192.168.1.3,203.0.113.22,8080,2481,TCP,TIMEOUT,normal,
2024-01-01T19:45:51.641421Z,10.0.0.54,192.168.1.191,8443,2561,UDP,RESET,normal,
2024-01-01T19:55:07.620887Z,192.168.2.109,10.0.0.95,25,2007,UDP,RESET,normal,
2024-01-01T19:56:27.429587Z,192.168.1.45,203.0.113.26,53,875,UDP,OK,normal,
2024-01-01T19:58:45.213159Z,192.168.1.91,203.0.113.7,8443,134,UDP,TIMEOUT,normal,
2024-01-01T20:21:55.126151Z,10.0.0.109,203.0.113.3,443,854,TCP,OK,normal,
2024-01-01T20:29:50.847465Z,192.168.1.7,192.168.1.52,8080,1725,UDP,TIMEOUT,normal,
2024-01-01T20:33:04.246837Z,192.168.1.180,203.0.113.13,53,1694,UDP,OK,normal,
2024-01-01T20:34:33.415076Z,10.0.0.73,203.0.113.26,443,1543,TCP,OK,normal,
2024-01-01T20:36:23.321899Z,192.168.2.43,203.0.113.16,8080,296,TCP,OK,normal,
2024-01-01T20:36:29.887494Z,192.168.1.46,10.0.0.252,443,1232,TCP,OK,normal,
2024-01-01T20:37:12.152046Z,192.168.2.165,10.0.0.7,53,591,UDP,OK,normal,
2024-01-01T20:40:34.304409Z,192.168.2.58,192.168.2.39,3306,574,UDP,OK,normal,
2024-01-01T20:44:23.704109Z,10.0.0.239,192.168.2.181,22,1816,UDP,RESET,normal,
2024-01-01T20:44:57.471530Z,192.168.1.142,192.168.1.126,8080,2568,TCP,OK,normal,
2024-01-01T20:53:56.313832Z,192.168.2.187,203.0.113.6,8080,2186,UDP,OK,normal,
2024-01-01T20:57:59.132104Z,192.168.1.215,203.0.113.1,443,1764,TCP,OK,normal,
2024-01-01T20:58:27.367142Z,192.168.2.191,203.0.113.16,587,800,TCP,TIMEOUT,normal,
2024-01-01T21:00:45.236139Z,192.168.1.16,203.0.113.20,443,1289,TCP,OK,normal,
2024-01-01T21:06:10.876357Z,192.168.1.161,203.0.113.24,8080,2078,UDP,OK,normal,
2024-01-01T21:12:59.964566Z,10.0.0.243,192.168.1.89,3306,2203,TCP,OK,normal,
2024-01-01T21:20:55.757832Z,10.0.0.222,203.0.113.8,22,1649,UDP,OK,normal,
2024-01-01T21:22:01.396459Z,192.168.2.37,203.0.113.25,22,1992,UDP,OK,normal,
2024-01-01T21:24:21.869439Z,192.168.2.59,203.0.113.27,80,2081,UDP,OK,normal,
2024-01-01T21:33:08.292467Z,192.168.1.184,203.0.113.27,53,3422,UDP,OK,normal,
2024-01-01T21:55:36.230105Z,10.0.0.13,203.0.113.17,8080,1862,UDP,OK,normal,
2024-01-01T21:56:55.462440Z,192.168.2.103,10.0.0.244,8080,3486,TCP,OK,normal,
2024-01-01T21:57:59.676570Z,10.0.0.202,203.0.113.12,53,1939,UDP,OK,normal,
2024-01-01T21:58:45.901944Z,192.168.1.17,203.0.113.1,8443,2459,UDP,TIMEOUT,normal,
2024-01-01T22:01:15.838711Z,192.168.1.74,203.0.113.26,22,1777,TCP,OK,normal,
2024-01-01T22:02:34.592887Z,10.0.0.143,10.0.0.226,53,64,UDP,OK,normal,
2024-01-01T22:07:07.156337Z,10.0.0.231,10.0.0.169,25,64,TCP,OK,normal,
2024-01-01T22:10:13.226294Z,192.168.1.28,10.0.0.86,22,1254,TCP,OK,normal,
2024-01-01T22:13:58.977794Z,192.168.2.107,10.0.0.72,8443,2687,UDP,TIMEOUT,normal,
2024-01-01T22:21:18.052223Z,192.168.1.154,10.0.0.144,5432,931,TCP,TIMEOUT,normal,
2024-01-01T22:24:18.622781Z,192.168.1.121,10.0.0.56,8080,2023,UDP,OK,normal,
2024-01-01T22:26:32.657995Z,192.168.1.205,203.0.113.12,587,1938,UDP,OK,normal,
2024-01-01T22:28:12.876877Z,192.168.1.137,192.168.1.252,8080,1004,UDP,TIMEOUT,normal,
2024-01-01T22:31:15.656614Z,192.168.2.66,192.168.2.124,3306,103,UDP,RESET,normal,
2024-01-01T22:38:09.936241Z,10.0.0.39,203.0.113.5,5432,3360,UDP,TIMEOUT,normal,
2024-01-01T22:40:45.160665Z,10.0.0.104,192.168.1.61,8080,1835,TCP,RESET,normal,
2024-01-01T22:41:12.659850Z,192.168.2.243,192.168.2.239,8080,869,TCP,OK,normal,
2024-01-01T22:51:40.550973Z,192.168.2.177,192.168.1.238,8443,557,UDP,OK,normal,
2024-01-01T22:55:05.724806Z,192.168.1.195,203.0.113.6,25,1212,TCP,TIMEOUT,normal,
2024-01-01T22:59:00.378389Z,10.0.0.134,203.0.113.26,5432,1626,TCP,OK,normal,
2024-01-01T23:21:36.183548Z,192.168.2.74,192.168.2.42,3306,1880,UDP,OK,normal,
2024-01-01T23:24:01.991004Z,192.168.1.7,203.0.113.13,443,716,TCP,OK,normal,
2024-01-01T23:25:47.977666Z,192.168.2.122,10.0.0.128,3306,677,TCP,OK,normal,
2024-01-01T23:29:43.067905Z,192.168.2.233,203.0.113.6,3306,2780,TCP,TIMEOUT,normal,
2024-01-01T23:33:27.075257Z,192.168.2.71,192.168.2.88,80,1094,TCP,OK,normal,
2024-01-01T23:34:04.157229Z,10.0.0.22,10.0.0.59,80,2282,TCP,OK,normal,
2024-01-01T23:38:40.421781Z,192.168.2.107,203.0.113.11,3306,1992,UDP,OK,normal,
2024-01-01T23:39:04.383908Z,10.0.0.231,203.0.113.27,22,2137,TCP,OK,normal,
2024-01-01T23:45:49.784763Z,192.168.2.28,203.0.113.23,8080,1538,UDP,OK,normal,
2024-01-02T00:08:34.802613Z,192.168.1.171,192.168.1.39,443,2441,TCP,OK,normal,
2024-01-02T00:08:49.901128Z,10.0.0.97,203.0.113.13,5432,2790,UDP,RESET,normal,
2024-01-02T00:10:41.900980Z,192.168.1.56,203.0.113.14,53,2264,UDP,OK,normal,
2024-01-02T00:10:59.136955Z,192.168.1.141,203.0.113.14,587,2446,TCP,OK,normal,
2024-01-02T00:11:22.249731Z,10.0.0.150,203.0.113.24,3306,361,TCP,OK,normal,
2024-01-02T00:13:02.406053Z,192.168.2.42,192.168.2.253,25,1807,UDP,OK,normal,
2024-01-02T00:16:12.258613Z,192.168.1.22,10.0.0.64,8080,1574,UDP,OK,normal,
2024-01-02T00:23:26.291444Z,10.0.0.22,192.168.2.190,5432,1412,UDP,OK,normal,
2024-01-02T00:35:36.037777Z,192.168.2.158,192.168.2.142,53,2142,UDP,OK,normal,
2024-01-02T00:41:53.035182Z,10.0.0.51,203.0.113.25,8080,3337,TCP,OK,normal,
2024-01-02T01:02:35.637916Z,192.168.2.66,203.0.113.8,53,2657,TCP,OK,normal,
2024-01-02T01:04:15.082909Z,10.0.0.137,203.0.113.9,80,2151,UDP,OK,normal,
2024-01-02T01:05:28.657267Z,192.168.1.63,192.168.2.145,8443,1581,UDP,OK,normal,
2024-01-02T01:09:52.531557Z,192.168.1.88,203.0.113.12,8080,1354,TCP,TIMEOUT,normal,
2024-01-02T01:20:18.423203Z,10.0.0.131,203.0.113.17,22,99592,TCP,OK,anomaly,volume
2024-01-02T01:24:16.858416Z,10.0.0.180,203.0.113.29,3306,2986,UDP,TIMEOUT,normal,
2024-01-02T01:31:28.746726Z,192.168.2.96,203.0.113.3,22,74,TCP,TIMEOUT,normal,
2024-01-02T01:33:34.316269Z,192.168.1.83,203.0.113.9,25,2584,TCP,TIMEOUT,normal,
2024-01-02T01:37:26.513940Z,192.168.2.35,203.0.113.8,3306,1642,UDP,OK,normal,
2024-01-02T01:38:58.245483Z,192.168.1.230,192.168.2.64,22,1405,TCP,OK,normal,
2024-01-02T01:39:28.218014Z,192.168.2.250,192.168.2.85,53,1770,UDP,OK,normal,
2024-01-02T01:40:49.028680Z,10.0.0.55,192.168.1.83,443,3159,TCP,TIMEOUT,normal,
2024-01-02T01:41:08.597446Z,192.168.2.220,203.0.113.4,8080,840,TCP,OK,normal,
2024-01-02T01:43:24.491906Z,192.168.1.217,192.168.2.89,80,2953,UDP,OK,normal,
2024-01-02T01:43:31.074473Z,10.0.0.136,10.0.0.169,443,2622,TCP,TIMEOUT,normal,
2024-01-02T02:00:17.692215Z,192.168.2.41,192.168.1.68,53,1313,UDP,RESET,normal,
2024-01-02T02:04:54.341249Z,10.0.0.89,203.0.113.12,53,3249,UDP,RESET,normal,
2024-01-02T02:07:55.262577Z,192.168.2.46,192.168.2.203,443,982,TCP,OK,normal,
2024-01-02T02:08:24.416295Z,192.168.2.188,10.0.0.220,80,2194,TCP,RESET,normal,
2024-01-02T02:08:24.816997Z,192.168.1.178,203.0.113.2,8443,708,UDP,TIMEOUT,normal,
2024-01-02T02:11:17.457140Z,10.0.0.219,203.0.113.11,3306,966,UDP,OK,normal,
2024-01-02T02:14:30.645396Z,192.168.1.165,203.0.113.5,53,1590,TCP,TIMEOUT,normal,
2024-01-02T02:22:40.214401Z,10.0.0.14,203.0.113.15,5432,1703,UDP,OK,normal,
2024-01-02T02:33:06.799006Z,10.0.0.44,10.0.0.76,22,1902,TCP,OK,normal,
2024-01-02T02:39:03.808811Z,192.168.1.68,203.0.113.1,587,1352,TCP,OK,normal,
2024-01-02T02:40:54.479390Z,10.0.0.184,203.0.113.4,25,2120,TCP,OK,normal,
2024-01-02T02:42:08.540748Z,10.0.0.241,192.168.1.177,25,176,TCP,TIMEOUT,normal,
2024-01-02T02:43:33.539501Z,192.168.2.30,192.168.1.66,22,1777,UDP,TIMEOUT,normal,
2024-01-02T02:49:26.439784Z,192.168.2.7,203.0.113.6,22,1666,TCP,OK,normal,
2024-01-02T02:56:58.326491Z,192.168.2.127,203.0.113.23,25,1164,UDP,OK,normal,
2024-01-02T02:57:35.254206Z,10.0.0.154,203.0.113.10,53,482,TCP,OK,normal,
2024-01-02T02:57:41.198624Z,192.168.2.160,203.0.113.11,8443,2120,UDP,OK,normal,
2024-01-02T02:58:07.143113Z,192.168.2.11,203.0.113.13,8080,757,TCP,RESET,normal,
2024-01-02T03:01:06.291840Z,192.168.2.236,192.168.2.168,443,2240,TCP,OK,normal,
2024-01-02T03:19:37.210927Z,192.168.2.25,192.168.2.170,3306,924,TCP,OK,normal,
2024-01-02T03:22:42.100993Z,10.0.0.186,192.168.1.205,8080,1847,TCP,TIMEOUT,normal,
2024-01-02T03:23:38.918927Z,10.0.0.65,192.168.2.74,8080,539,TCP,OK,normal,
2024-01-02T03:34:51.925834Z,192.168.1.118,203.0.113.20,8443,133,TCP,OK,normal,
2024-01-02T03:41:32.583830Z,192.168.1.140,10.0.0.62,53,2380,TCP,OK,normal,
2024-01-02T03:42:06.569135Z,192.168.1.13,10.0.0.171,53,1692,TCP,TIMEOUT,normal,
2024-01-02T03:43:25.233076Z,10.0.0.132,10.0.0.220,53,2379,TCP,OK,normal,
2024-01-02T03:48:18.045446Z,192.168.1.212,192.168.1.229,80,1816,UDP,OK,normal,
2024-01-02T03:50:14.276007Z,10.0.0.245,203.0.113.24,53,112,UDP,OK,normal,
2024-01-02T03:54:21.558876Z,192.168.2.58,203.0.113.28,5432,599,TCP,OK,normal,
2024-01-02T03:58:53.774117Z,10.0.0.94,10.0.0.158,5432,1234,TCP,TIMEOUT,normal,
2024-01-02T03:59:35.749925Z,10.0.0.178,192.168.2.20,22,651,TCP,OK,normal,
2024-01-02T04:01:14.816688Z,10.0.0.185,203.0.113.15,53,2149,TCP,OK,normal,
2024-01-02T04:06:24.103367Z,192.168.1.252,203.0.113.18,53,2131,TCP,OK,normal,
2024-01-02T04:09:26.906507Z,192.168.2.115,10.0.0.102,587,1978,UDP,OK,normal,
2024-01-02T04:09:50.108456Z,192.168.2.181,203.0.113.29,3306,928,UDP,OK,normal,
2024-01-02T04:20:38.893401Z,192.168.2.120,192.168.2.50,8080,1560,TCP,OK,normal,
2024-01-02T04:21:56.545383Z,192.168.1.29,192.168.1.17,5432,2125,UDP,OK,normal,
2024-01-02T04:39:46.505238Z,10.0.0.211,203.0.113.25,22,2178,TCP,TIMEOUT,normal,
2024-01-02T04:41:13.195923Z,192.168.2.107,192.168.1.31,8443,948,UDP,OK,normal,
2024-01-02T04:44:46.562926Z,192.168.1.11,203.0.113.7,8443,2168,TCP,OK,normal,
2024-01-02T04:48:54.122321Z,10.0.0.11,192.168.2.37,25,1164,UDP,RESET,normal,
2024-01-02T04:49:36.835113Z,192.168.1.180,203.0.113.2,22,64,UDP,OK,normal,
2024-01-02T05:01:25.569517Z,192.168.1.215,10.0.0.172,5432,803,UDP,OK,normal,
2024-01-02T05:06:22.287568Z,192.168.2.140,203.0.113.26,3306,554,UDP,OK,normal,
2024-01-02T05:06:41.771141Z,192.168.2.120,10.0.0.180,8443,1701,TCP,OK,normal,
2024-01-02T05:08:18.048044Z,10.0.0.230,203.0.113.4,8080,1389,TCP,TIMEOUT,normal,
2024-01-02T05:13:16.506715Z,192.168.2.242,203.0.113.22,3306,632,TCP,OK,normal,
2024-01-02T05:15:39.947884Z,192.168.2.121,10.0.0.219,80,848,TCP,RESET,normal,
2024-01-02T05:22:39.605774Z,192.168.2.2,203.0.113.26,25,1305,UDP,RESET,normal,
2024-01-02T05:37:44.284701Z,192.168.1.61,203.0.113.19,443,145049,TCP,OK,anomaly,volume
2024-01-02T05:42:34.940763Z,192.168.1.146,192.168.1.238,22,2536,UDP,TIMEOUT,normal,
2024-01-02T05:43:56.562521Z,10.0.0.28,203.0.113.20,5432,1286,UDP,OK,normal,
2024-01-02T05:49:25.872356Z,192.168.1.33,203.0.113.23,8080,2347,TCP,OK,normal,
2024-01-02T05:52:26.800777Z,192.168.2.224,10.0.0.70,3306,1467,TCP,OK,normal,
2024-01-02T05:58:27.476683Z,192.168.1.150,203.0.113.16,587,1649,TCP,OK,normal,
2024-01-02T06:04:56.904869Z,192.168.1.22,203.0.113.25,80,863,TCP,OK,normal,
2024-01-02T06:06:29.915728Z,10.0.0.102,203.0.113.15,25,1352,TCP,OK,normal,
2024-01-02T06:08:19.177788Z,10.0.0.11,192.168.1.224,443,903,UDP,OK,normal,
2024-01-02T06:10:56.957083Z,192.168.2.160,203.0.113.15,22,99337,TCP,OK,anomaly,volume
2024-01-02T06:13:52.106348Z,192.168.2.88,203.0.113.2,53,847,TCP,TIMEOUT,normal,
2024-01-02T06:14:38.375532Z,192.168.1.41,203.0.113.25,443,1065,UDP,OK,normal,
2024-01-02T06:14:50.023145Z,192.168.2.251,10.0.0.97,5432,1210,UDP,TIMEOUT,normal,
2024-01-02T06:19:38.310476Z,10.0.0.126,203.0.113.7,5432,903,UDP,OK,normal,
2024-01-02T06:21:07.919590Z,192.168.2.157,192.168.2.161,25,64,UDP,OK,normal,
2024-01-02T06:31:57.744229Z,192.168.2.248,203.0.113.19,5432,1326,TCP,TIMEOUT,normal,
2024-01-02T06:38:34.230151Z,10.0.0.167,192.168.2.177,25,645,UDP,OK,normal,
2024-01-02T06:41:25.555778Z,192.168.2.74,203.0.113.4,53,802,TCP,OK,normal,
2024-01-02T06:48:24.771243Z,10.0.0.115,10.0.0.140,8080,378,TCP,TIMEOUT,normal,
2024-01-02T06:53:16.987496Z,10.0.0.114,203.0.113.17,3306,115,UDP,TIMEOUT,normal,
2024-01-02T06:54:17.152743Z,10.0.0.239,203.0.113.22,8443,1227,TCP,TIMEOUT,normal,
2024-01-02T07:06:43.405986Z,192.168.2.250,203.0.113.2,5432,1289,TCP,RESET,normal,
2024-01-02T07:13:15.903797Z,192.168.2.237,203.0.113.4,3306,1176,UDP,RESET,normal,
2024-01-02T07:18:48.947609Z,192.168.1.15,192.168.2.65,8443,2382,UDP,OK,normal,
2024-01-02T07:25:58.297597Z,10.0.0.127,192.168.1.231,5432,1148,UDP,OK,normal,
2024-01-02T07:31:16.967203Z,10.0.0.232,203.0.113.11,22,1884,UDP,OK,normal,
2024-01-02T07:54:44.454126Z,192.168.2.75,203.0.113.17,8443,1108,TCP,OK,normal,
2024-01-02T07:57:52.036764Z,192.168.2.8,203.0.113.13,53,2008,TCP,OK,normal,
2024-01-02T08:02:45.916568Z,10.0.0.113,203.0.113.14,25,181,TCP,OK,normal,
2024-01-02T08:02:51.582759Z,10.0.0.119,192.168.1.9,5432,2714,UDP,OK,normal,
2024-01-02T08:08:01.035025Z,192.168.1.194,203.0.113.18,53,1563,UDP,OK,normal,
2024-01-02T08:09:42.505201Z,192.168.1.155,192.168.2.86,587,798,UDP,OK,normal,
2024-01-02T08:16:10.397907Z,192.168.1.99,192.168.1.168,25,888,UDP,RESET,normal,
2024-01-02T08:19:47.067887Z,192.168.1.165,192.168.2.168,22,1109,UDP,TIMEOUT,normal,
2024-01-02T08:22:47.135386Z,192.168.2.31,192.168.1.245,5432,1677,TCP,OK,normal,
2024-01-02T08:37:50.275076Z,192.168.1.95,203.0.113.11,22,1842,TCP,RESET,normal,
2024-01-02T08:47:18.710596Z,10.0.0.232,203.0.113.12,25,790,UDP,OK,normal,
2024-01-02T08:52:04.746240Z,10.0.0.27,203.0.113.2,22,1126,UDP,OK,normal,
2024-01-02T08:53:12.566263Z,192.168.2.17,203.0.113.17,8080,1338,UDP,OK,normal,
2024-01-02T08:53:54.094054Z,192.168.2.77,203.0.113.27,53,385,TCP,OK,normal,
2024-01-02T09:00:03.316281Z,192.168.1.74,203.0.113.12,53,1714,UDP,OK,normal,
2024-01-02T09:01:01.679226Z,192.168.1.201,203.0.113.25,53,2373,UDP,OK,normal,
2024-01-02T09:08:25.573243Z,192.168.1.84,10.0.0.239,5432,2634,TCP,OK,normal,
2024-01-02T09:11:43.689404Z,192.168.1.224,10.0.0.186,443,2105,TCP,OK,normal,
2024-01-02T09:15:56.229450Z,10.0.0.191,203.0.113.8,8080,1003,UDP,OK,normal,
2024-01-02T09:21:39.481181Z,10.0.0.4,203.0.113.20,443,1016,UDP,OK,normal,
2024-01-02T09:27:38.286738Z,10.0.0.137,192.168.2.37,3306,1065,UDP,RESET,normal,
2024-01-02T09:28:26.027012Z,192.168.1.67,10.0.0.170,22,1986,UDP,OK,normal,
2024-01-02T09:29:59.236081Z,192.168.1.240,203.0.113.11,8080,2329,UDP,RESET,normal,
2024-01-02T09:31:48.462603Z,10.0.0.215,203.0.113.21,443,1033,TCP,OK,normal,
2024-01-02T09:35:36.143099Z,192.168.1.78,10.0.0.77,587,2458,TCP,OK,normal,
2024-01-02T09:43:56.567538Z,10.0.0.154,192.168.2.206,80,920,UDP,OK,normal,
2024-01-02T09:44:26.900845Z,10.0.0.87,192.168.2.184,22,1543,TCP,RESET,normal,
2024-01-02T09:47:06.774763Z,192.168.1.215,203.0.113.12,53,855,UDP,OK,normal,
2024-01-02T09:59:55.873839Z,192.168.2.30,203.0.113.22,53,1327,UDP,RESET,normal,
2024-01-02T10:00:10.076477Z,192.168.2.253,203.0.113.14,25,1975,TCP,OK,normal,
2024-01-02T10:02:30.025534Z,10.0.0.143,203.0.113.27,53,1221,UDP,OK,normal,
2024-01-02T10:07:20.280815Z,192.168.1.130,192.168.2.26,80,1275,TCP,OK,normal,
2024-01-02T10:12:00.595067Z,192.168.2.18,203.0.113.19,5432,863,UDP,OK,normal,
2024-01-02T10:15:25.338679Z,192.168.2.242,192.168.2.206,22,454,UDP,OK,normal,
2024-01-02T10:16:08.134329Z,192.168.2.48,203.0.113.29,3306,2107,UDP,TIMEOUT,normal,
2024-01-02T10:18:06.240243Z,192.168.2.69,10.0.0.205,587,1495,UDP,OK,normal,
2024-01-02T10:21:37.318531Z,10.0.0.236,203.0.113.18,443,1744,UDP,OK,normal,
2024-01-02T10:24:38.002470Z,192.168.2.117,192.168.1.216,443,1889,TCP,OK,normal,
2024-01-02T10:29:07.496435Z,192.168.1.189,192.168.2.237,5432,2558,UDP,OK,normal,
2024-01-02T10:37:13.601479Z,192.168.2.137,203.0.113.12,5432,631,UDP,OK,normal,
2024-01-02T10:40:47.873634Z,192.168.2.132,192.168.2.123,587,1630,TCP,OK,normal,
2024-01-02T10:44:59.812833Z,10.0.0.131,203.0.113.17,22,83879,TCP,OK,anomaly,volume
2024-01-02T10:48:14.832884Z,192.168.2.237,203.0.113.3,8443,1942,TCP,OK,normal,
2024-01-02T10:52:29.733336Z,192.168.1.106,10.0.0.156,443,2778,TCP,TIMEOUT,normal,
2024-01-02T10:57:52.405435Z,192.168.1.88,192.168.2.10,3306,1384,UDP,RESET,normal,
2024-01-02T11:04:38.217289Z,10.0.0.197,10.0.0.196,25,64,TCP,OK,normal,
2024-01-02T11:05:26.595352Z,10.0.0.13,203.0.113.14,8080,633,TCP,OK,normal,
2024-01-02T11:08:57.362528Z,192.168.2.79,203.0.113.1,8443,127,TCP,TIMEOUT,normal,
2024-01-02T11:15:46.920623Z,192.168.1.176,192.168.2.99,8443,1424,UDP,RESET,normal,
2024-01-02T11:17:04.071435Z,192.168.1.65,10.0.0.153,53,1341,UDP,OK,normal,
2024-01-02T11:18:25.483812Z,192.168.2.251,203.0.113.8,8443,698,UDP,OK,normal,
2024-01-02T11:24:15.401981Z,192.168.2.88,203.0.113.3,22,790,UDP,TIMEOUT,normal,
2024-01-02T11:29:23.489648Z,10.0.0.231,192.168.1.103,5432,839,TCP,RESET,normal,
2024-01-02T11:29:24.455429Z,192.168.2.16,203.0.113.14,443,947,UDP,OK,normal,
2024-01-02T11:31:28.829611Z,10.0.0.105,192.168.1.194,22,2774,TCP,TIMEOUT,normal,
2024-01-02T11:32:35.358351Z,192.168.2.89,192.168.1.71,3306,1949,UDP,OK,normal,
2024-01-02T11:39:56.129914Z,192.168.1.115,203.0.113.14,25,1056,TCP,OK,normal,
2024-01-02T11:41:49.168332Z,192.168.1.1,192.168.2.218,3306,2065,UDP,OK,normal,
2024-01-02T11:54:01.663083Z,192.168.2.137,203.0.113.29,5432,2502,UDP,OK,normal,
2024-01-02T11:54:25.655113Z,192.168.1.243,203.0.113.13,8443,1671,TCP,TIMEOUT,normal,
2024-01-02T11:59:58.899391Z,192.168.2.124,192.168.1.18,53,2296,TCP,TIMEOUT,normal,
2024-01-02T12:04:09.091492Z,192.168.1.51,203.0.113.29,5432,1425,TCP,RESET,normal,
2024-01-02T12:11:39.358232Z,192.168.1.231,203.0.113.12,587,1861,TCP,OK,normal,
2024-01-02T12:16:41.477348Z,192.168.1.104,192.168.2.229,22,2801,TCP,OK,normal,
2024-01-02T12:17:04.849181Z,192.168.1.207,203.0.113.28,5432,1620,UDP,OK,normal,
2024-01-02T12:19:43.230547Z,192.168.2.215,203.0.113.1,53,1770,UDP,OK,normal,
2024-01-02T12:20:20.428412Z,192.168.1.143,203.0.113.21,443,570,UDP,OK,normal,
2024-01-02T12:20:49.772254Z,10.0.0.170,203.0.113.27,3306,2307,TCP,OK,normal,
2024-01-02T12:24:29.050388Z,192.168.2.226,203.0.113.13,25,2537,UDP,TIMEOUT,normal,
2024-01-02T12:27:50.081205Z,10.0.0.197,192.168.1.27,587,498,UDP,OK,normal,
2024-01-02T12:38:20.872997Z,192.168.1.207,203.0.113.10,8080,927,TCP,RESET,normal,
2024-01-02T12:39:47.458328Z,192.168.2.77,203.0.113.13,22,967,TCP,TIMEOUT,normal,
2024-01-02T12:48:25.796372Z,10.0.0.3,203.0.113.13,80,1471,TCP,OK,normal,
2024-01-02T12:54:34.430269Z,10.0.0.227,10.0.0.151,5432,2698,TCP,OK,normal,
2024-01-02T13:03:14.517992Z,192.168.2.211,203.0.113.28,443,397,TCP,OK,anomaly,beaconing
2024-01-02T13:06:16.923714Z,192.168.2.100,203.0.113.23,22,2038,TCP,RESET,normal,
2024-01-02T13:12:35.695772Z,192.168.1.196,203.0.113.15,80,1272,TCP,OK,normal,
2024-01-02T13:15:29.851416Z,192.168.1.60,192.168.1.165,53,1942,UDP,OK,normal,
2024-01-02T13:20:41.731555Z,10.0.0.237,203.0.113.10,80,973,TCP,OK,normal,
2024-01-02T13:26:04.021731Z,192.168.2.69,10.0.0.251,25,1287,TCP,OK,normal,
2024-01-02T13:27:27.821866Z,192.168.1.173,203.0.113.29,22,1843,TCP,OK,normal,
2024-01-02T13:27:31.380383Z,192.168.1.18,192.168.1.196,22,2826,TCP,OK,normal,
2024-01-02T13:29:18.555811Z,192.168.2.199,192.168.2.58,25,1991,UDP,RESET,normal,
2024-01-02T13:34:41.092230Z,192.168.2.214,203.0.113.2,5432,2106,UDP,OK,normal,
2024-01-02T13:37:29.082366Z,10.0.0.188,203.0.113.26,3306,1399,TCP,OK,normal,
2024-01-02T13:46:50.620660Z,192.168.1.149,203.0.113.11,587,1679,TCP,OK,normal,
2024-01-02T13:50:05.251975Z,192.168.1.111,203.0.113.21,5432,1056,UDP,TIMEOUT,normal,
2024-01-02T13:54:40.039497Z,192.168.2.191,203.0.113.4,443,1402,TCP,RESET,normal,
2024-01-02T13:54:53.798702Z,192.168.1.218,203.0.113.20,587,563,TCP,RESET,normal,
2024-01-02T13:55:48.510147Z,10.0.0.239,203.0.113.15,3306,1180,TCP,RESET,normal,
2024-01-02T14:02:12.008670Z,192.168.1.78,192.168.1.146,8080,2186,UDP,RESET,normal,
2024-01-02T14:04:32.999432Z,192.168.2.201,203.0.113.23,443,2242,UDP,OK,normal,
2024-01-02T14:06:51.103070Z,10.0.0.242,203.0.113.10,587,1637,UDP,TIMEOUT,normal,
2024-01-02T14:09:39.098328Z,192.168.2.250,203.0.113.3,587,1898,UDP,OK,normal,
2024-01-02T14:12:37.453331Z,192.168.2.79,192.168.2.76,53,1948,UDP,OK,normal,
2024-01-02T14:13:20.598006Z,192.168.1.126,203.0.113.8,22,67,UDP,TIMEOUT,normal,
2024-01-02T14:18:08.599001Z,192.168.2.51,192.168.2.17,25,1026,TCP,OK,normal,
2024-01-02T14:20:26.287324Z,192.168.2.236,10.0.0.171,443,956,UDP,OK,normal,
2024-01-02T14:32:37.243013Z,10.0.0.31,10.0.0.158,22,907,TCP,OK,normal,
2024-01-02T14:36:27.696473Z,192.168.1.69,10.0.0.86,5432,497,TCP,OK,normal,
2024-01-02T14:42:29.754748Z,10.0.0.101,192.168.1.78,8080,1445,TCP,TIMEOUT,normal,
2024-01-02T14:50:55.804541Z,192.168.2.244,203.0.113.10,3306,1942,TCP,TIMEOUT,normal,
2024-01-02T14:51:14.382431Z,192.168.2.254,203.0.113.19,587,1416,TCP,OK,normal,
2024-01-02T14:51:32.847403Z,192.168.2.249,192.168.2.133,80,981,UDP,OK,normal,
2024-01-02T14:55:24.399738Z,192.168.1.211,192.168.1.132,25,1873,UDP,OK,normal,
2024-01-02T14:59:40.555942Z,192.168.1.114,203.0.113.24,80,2288,TCP,RESET,normal,
2024-01-02T15:00:41.439855Z,192.168.1.8,203.0.113.9,3306,1116,TCP,OK,normal,
2024-01-02T15:01:07.233185Z,192.168.1.249,203.0.113.8,8080,790,TCP,OK,anomaly,beaconing
2024-01-02T15:02:51.713896Z,192.168.2.62,10.0.0.5,53,1605,TCP,OK,normal,
2024-01-02T15:08:41.312543Z,192.168.1.226,192.168.1.124,22,1781,UDP,OK,normal,
2024-01-02T15:09:26.526041Z,10.0.0.238,10.0.0.229,80,881,UDP,OK,normal,
2024-01-02T15:10:59.235355Z,10.0.0.44,203.0.113.7,8443,622,TCP,TIMEOUT,normal,
2024-01-02T15:14:28.795986Z,192.168.1.171,203.0.113.2,3306,613,TCP,OK,normal,
2024-01-02T15:15:05.077977Z,10.0.0.61,203.0.113.16,53,1760,UDP,OK,normal,
2024-01-02T15:15:12.730762Z,10.0.0.87,203.0.113.8,22,3073,UDP,OK,normal,
2024-01-02T15:19:26.711348Z,192.168.2.47,203.0.113.1,8080,64,TCP,OK,normal,
2024-01-02T15:26:48.031485Z,10.0.0.65,10.0.0.203,587,1814,UDP,OK,normal,
2024-01-02T15:27:40.147882Z,10.0.0.254,203.0.113.27,80,1145,TCP,OK,normal,
2024-01-02T15:30:31.728691Z,10.0.0.107,192.168.2.210,80,2398,TCP,OK,normal,
2024-01-02T15:38:38.318567Z,192.168.1.171,203.0.113.11,8443,850,UDP,TIMEOUT,normal,
2024-01-02T15:42:00.565633Z,10.0.0.244,203.0.113.23,8443,349,UDP,RESET,normal,
2024-01-02T15:42:29.666948Z,10.0.0.217,192.168.1.87,5432,1582,UDP,OK,normal,
2024-01-02T15:44:02.310666Z,192.168.1.58,192.168.1.29,3306,275,TCP,OK,normal,
2024-01-02T15:46:13.708313Z,192.168.2.38,192.168.2.98,25,1309,TCP,OK,normal,
2024-01-02T15:46:54.113510Z,192.168.1.208,203.0.113.29,5432,1724,TCP,OK,normal,
2024-01-02T15:50:04.232910Z,192.168.2.99,203.0.113.17,22,1143,TCP,OK,normal,
2024-01-02T15:51:43.860283Z,192.168.2.221,203.0.113.1,80,1852,UDP,RESET,normal,
2024-01-02T15:58:58.649338Z,192.168.1.175,203.0.113.21,8080,484,TCP,OK,anomaly,beaconing
2024-01-02T15:59:08.536782Z,192.168.2.249,203.0.113.1,25,1671,UDP,TIMEOUT,normal,
2024-01-02T16:04:21.652046Z,10.0.0.29,192.168.1.16,3306,1799,TCP,OK,normal,
2024-01-02T16:04:36.863295Z,192.168.1.66,192.168.2.248,587,1818,UDP,RESET,normal,
2024-01-02T16:05:16.151718Z,10.0.0.150,203.0.113.13,5432,1970,UDP,OK,normal,
2024-01-02T16:06:39.273810Z,10.0.0.140,192.168.1.122,22,3262,TCP,RESET,normal,
2024-01-02T16:12:22.664698Z,10.0.0.108,10.0.0.55,80,1720,UDP,RESET,normal,
2024-01-02T16:16:38.227586Z,192.168.2.221,192.168.2.198,25,952,TCP,TIMEOUT,normal,
2024-01-02T16:23:02.344943Z,192.168.1.74,192.168.1.224,5432,1344,UDP,OK,normal,
2024-01-02T16:31:36.894411Z,10.0.0.129,10.0.0.56,8080,1742,UDP,OK,normal,
2024-01-02T16:32:02.430218Z,192.168.1.173,203.0.113.18,22,1297,TCP,OK,normal,
2024-01-02T16:32:51.079912Z,192.168.1.51,203.0.113.21,587,891,UDP,OK,normal,
2024-01-02T16:43:36.982673Z,10.0.0.133,203.0.113.15,5432,304,UDP,TIMEOUT,normal,
2024-01-02T16:44:17.304357Z,10.0.0.175,203.0.113.23,8443,2494,TCP,OK,normal,
2024-01-02T16:48:20.406923Z,192.168.1.97,203.0.113.14,80,2536,UDP,TIMEOUT,normal,
2024-01-02T16:51:44.667965Z,192.168.2.203,192.168.2.76,22,1275,UDP,OK,normal,
2024-01-02T16:58:05.446409Z,192.168.1.161,203.0.113.16,443,2739,UDP,OK,normal,
2024-01-02T16:58:10.052394Z,10.0.0.111,192.168.2.126,8443,1482,TCP,RESET,normal,
2024-01-02T16:58:42.685792Z,192.168.1.244,203.0.113.3,22,1769,TCP,OK,normal,
2024-01-02T16:58:42.941406Z,192.168.1.254,203.0.113.21,443,1881,TCP,OK,normal,
2024-01-02T17:02:27.987027Z,10.0.0.221,203.0.113.13,53,365,UDP,RESET,normal,
2024-01-02T17:05:30.888877Z,192.168.1.204,192.168.1.143,443,2340,TCP,TIMEOUT,normal,
2024-01-02T17:05:50.046991Z,192.168.2.135,203.0.113.16,22,1415,TCP,RESET,normal,
2024-01-02T17:06:10.090684Z,10.0.0.76,192.168.2.180,3306,1034,TCP,OK,normal,
2024-01-02T17:06:52.980616Z,192.168.1.130,203.0.113.15,25,2923,UDP,OK,normal,
2024-01-02T17:15:01.334236Z,192.168.2.92,203.0.113.13,443,1465,UDP,OK,normal,
2024-01-02T17:16:38.420193Z,192.168.1.39,203.0.113.27,22,821,UDP,OK,normal,
2024-01-02T17:16:59.754672Z,10.0.0.218,203.0.113.29,25,1704,TCP,OK,normal,
2024-01-02T17:18:33.230468Z,192.168.1.211,203.0.113.27,22,2053,TCP,OK,normal,
2024-01-02T17:23:27.485633Z,192.168.1.51,203.0.113.13,53,1291,TCP,RESET,normal,
2024-01-02T17:23:47.961778Z,192.168.2.190,203.0.113.18,587,1838,TCP,OK,normal,
2024-01-02T17:28:14.030355Z,192.168.1.144,192.168.2.219,53,1171,TCP,TIMEOUT,normal,
2024-01-02T17:28:41.766830Z,192.168.2.70,192.168.1.138,22,1672,TCP,OK,normal,
2024-01-02T17:48:53.001588Z,192.168.2.229,192.168.2.77,587,3149,TCP,OK,normal,
2024-01-02T17:50:06.218939Z,192.168.2.88,10.0.0.100,5432,180,TCP,TIMEOUT,normal,
2024-01-02T17:53:13.478862Z,10.0.0.131,203.0.113.29,22,146071,TCP,OK,anomaly,volume
2024-01-02T17:57:19.309179Z,192.168.2.84,203.0.113.10,8443,1495,TCP,TIMEOUT,normal,
2024-01-02T17:58:35.211880Z,10.0.0.50,192.168.2.85,8443,89,TCP,RESET,normal,
2024-01-02T18:01:39.150664Z,192.168.1.216,203.0.113.19,80,2397,TCP,OK,normal,
2024-01-02T18:02:06.445834Z,192.168.1.228,192.168.1.222,3306,1586,UDP,TIMEOUT,normal,
2024-01-02T18:04:04.506849Z,192.168.1.125,203.0.113.15,3306,64,TCP,RESET,normal,
2024-01-02T18:04:11.431297Z,192.168.1.200,192.168.1.10,22,2193,UDP,OK,normal,
2024-01-02T18:05:53.467546Z,10.0.0.61,10.0.0.122,443,1001,TCP,OK,normal,
2024-01-02T18:06:29.023304Z,10.0.0.95,192.168.2.236,5432,2414,TCP,OK,normal,
2024-01-02T18:08:08.461913Z,10.0.0.52,192.168.1.63,22,2324,TCP,OK,normal,
2024-01-02T18:08:48.357410Z,10.0.0.26,203.0.113.18,8443,315,TCP,OK,normal,
2024-01-02T18:16:55.765625Z,192.168.1.23,10.0.0.32,587,1009,TCP,OK,normal,
2024-01-02T18:25:51.724531Z,10.0.0.60,192.168.1.14,3306,258,UDP,RESET,normal,
2024-01-02T18:28:15.629506Z,10.0.0.233,192.168.2.70,3306,606,TCP,OK,normal,
2024-01-02T18:28:57.881808Z,192.168.2.84,203.0.113.19,443,2181,TCP,OK,normal,
2024-01-02T18:30:01.661806Z,10.0.0.231,203.0.113.25,8443,1106,TCP,OK,normal,
2024-01-02T18:38:41.177822Z,192.168.2.61,10.0.0.180,587,2990,TCP,OK,normal,
2024-01-02T18:38:43.608246Z,192.168.2.39,203.0.113.4,5432,954,TCP,OK,normal,
2024-01-02T18:39:35.420014Z,10.0.0.192,203.0.113.26,443,1981,UDP,OK,normal,
2024-01-02T18:44:31.465681Z,192.168.1.20,192.168.2.165,443,2084,TCP,OK,normal,
2024-01-02T18:49:29.223938Z,10.0.0.176,203.0.113.2,80,1086,TCP,OK,normal,
2024-01-02T18:52:16.762276Z,192.168.2.98,203.0.113.24,8080,2302,TCP,OK,normal,
2024-01-02T18:52:41.019397Z,192.168.2.91,10.0.0.242,8443,1616,TCP,OK,normal,
2024-01-02T19:03:45.152206Z,10.0.0.22,192.168.1.74,443,714,UDP,TIMEOUT,normal,
2024-01-02T19:04:55.121865Z,192.168.2.233,192.168.2.27,22,608,UDP,OK,normal,
2024-01-02T19:09:15.048235Z,192.168.2.233,203.0.113.27,53,1041,UDP,OK,normal,
2024-01-02T19:10:37.011767Z,192.168.2.243,203.0.113.16,3306,2013,UDP,OK,normal,
2024-01-02T19:15:05.356231Z,10.0.0.84,192.168.2.217,8443,871,UDP,OK,normal,
2024-01-02T19:23:30.086382Z,10.0.0.37,203.0.113.8,3306,1144,UDP,TIMEOUT,normal,
2024-01-02T19:24:49.841887Z,192.168.1.113,192.168.1.104,3306,551,UDP,OK,normal,
2024-01-02T19:33:09.230214Z,192.168.2.135,203.0.113.22,587,3122,TCP,OK,normal,
2024-01-02T19:33:21.943204Z,10.0.0.131,203.0.113.27,22,124553,TCP,OK,anomaly,volume
2024-01-02T19:45:33.640197Z,10.0.0.17,203.0.113.29,8443,1075,TCP,OK,normal,
2024-01-02T20:01:23.918439Z,192.168.2.6,192.168.2.152,8443,2117,UDP,OK,normal,
2024-01-02T20:02:18.447581Z,192.168.2.17,192.168.1.184,22,3673,TCP,OK,normal,
2024-01-02T20:08:55.060962Z,10.0.0.250,10.0.0.166,587,3442,TCP,OK,normal,
2024-01-02T20:16:30.248180Z,192.168.1.87,203.0.113.24,5432,931,TCP,TIMEOUT,normal,
2024-01-02T20:35:38.948993Z,10.0.0.129,10.0.0.7,8443,1895,TCP,OK,normal,
2024-01-02T20:43:04.892939Z,10.0.0.132,203.0.113.16,8080,547,TCP,OK,normal,
2024-01-02T20:50:51.656763Z,10.0.0.187,192.168.2.78,22,3052,TCP,OK,normal,
2024-01-02T20:52:36.930070Z,192.168.2.170,192.168.1.91,8080,1880,TCP,RESET,normal,
2024-01-02T20:55:52.885519Z,192.168.2.235,203.0.113.25,25,2207,UDP,OK,normal,
2024-01-02T20:59:31.954811Z,10.0.0.67,192.168.2.102,587,1867,UDP,OK,normal,
2024-01-02T21:02:32.411631Z,192.168.2.23,203.0.113.16,5432,1568,TCP,OK,normal,
2024-01-02T21:06:07.379245Z,192.168.2.47,203.0.113.15,53,412,UDP,OK,normal,
2024-01-02T21:19:59.146870Z,192.168.2.6,192.168.2.197,25,680,UDP,OK,normal,
2024-01-02T21:23:47.695985Z,192.168.1.10,203.0.113.18,53,929,UDP,OK,normal,
2024-01-02T21:24:35.758099Z,192.168.2.45,203.0.113.19,8443,1714,UDP,RESET,normal,
2024-01-02T21:24:44.508386Z,10.0.0.38,192.168.1.142,443,1160,UDP,OK,normal,
2024-01-02T21:25:11.308701Z,192.168.1.180,203.0.113.19,22,1413,UDP,TIMEOUT,normal,
2024-01-02T21:28:47.931290Z,192.168.2.8,203.0.113.26,587,1088,TCP,OK,normal,
2024-01-02T21:40:34.979851Z,192.168.2.56,203.0.113.29,443,1360,TCP,OK,normal,
2024-01-02T21:58:23.040460Z,10.0.0.250,203.0.113.8,8443,779,TCP,RESET,normal,
2024-01-02T21:58:27.091761Z,10.0.0.241,203.0.113.12,80,2237,TCP,OK,normal,
2024-01-02T22:00:15.006729Z,10.0.0.79,192.168.1.64,8443,2804,UDP,TIMEOUT,normal,
2024-01-02T22:09:11.381915Z,10.0.0.200,10.0.0.34,80,1377,UDP,OK,normal,
2024-01-02T22:11:25.052566Z,192.168.2.92,192.168.1.234,8443,1932,UDP,RESET,normal,
2024-01-02T22:12:51.868833Z,10.0.0.55,192.168.1.235,53,64,TCP,TIMEOUT,normal,
2024-01-02T22:23:51.120842Z,192.168.2.67,192.168.2.187,22,1074,UDP,OK,normal,
2024-01-02T22:24:53.860568Z,10.0.0.213,10.0.0.166,587,2543,UDP,OK,normal,
2024-01-02T22:27:59.302195Z,192.168.2.85,203.0.113.18,8443,1685,TCP,OK,normal,
2024-01-02T22:31:44.197810Z,192.168.2.36,203.0.113.8,443,599,TCP,OK,anomaly,beaconing
2024-01-02T22:35:35.704596Z,192.168.2.235,192.168.2.123,587,1528,UDP,TIMEOUT,normal,
2024-01-02T22:43:25.708539Z,10.0.0.201,203.0.113.7,587,1763,UDP,RESET,normal,
2024-01-02T22:46:41.515152Z,192.168.2.172,203.0.113.5,3306,1586,UDP,OK,normal,
2024-01-02T23:07:12.105388Z,192.168.2.35,192.168.2.22,443,64,TCP,OK,normal,
2024-01-02T23:21:07.348267Z,192.168.1.164,203.0.113.3,80,1675,UDP,OK,normal,
2024-01-02T23:35:17.932088Z,192.168.1.67,203.0.113.23,22,349,UDP,OK,normal,
2024-01-02T23:37:01.287710Z,192.168.1.109,203.0.113.19,53,1870,UDP,OK,normal,
2024-01-02T23:41:37.495867Z,192.168.2.4,192.168.2.217,22,532,TCP,TIMEOUT,normal,
2024-01-02T23:45:38.643108Z,10.0.0.107,203.0.113.1,3306,724,TCP,RESET,normal,
2024-01-02T23:47:25.954720Z,10.0.0.1,203.0.113.15,587,2322,UDP,OK,normal,
2024-01-02T23:50:42.574709Z,10.0.0.64,203.0.113.21,3306,708,TCP,OK,normal,
2024-01-02T23:52:00.433007Z,192.168.2.85,203.0.113.1,5432,2034,UDP,OK,normal,
2024-01-02T23:54:41.378618Z,10.0.0.43,10.0.0.118,3306,422,UDP,OK,normal,
2024-01-02T23:57:57.261088Z,192.168.1.236,192.168.2.134,80,1077,TCP,OK,normal,
2024-01-03T00:04:13.630686Z,192.168.1.124,203.0.113.26,8443,2158,UDP,OK,normal,
2024-01-03T00:06:21.414632Z,10.0.0.139,203.0.113.11,22,1010,UDP,OK,normal,
2024-01-03T00:19:27.418723Z,192.168.1.11,203.0.113.29,3306,2518,UDP,TIMEOUT,normal,
2024-01-03T00:24:55.513754Z,10.0.0.174,203.0.113.22,3306,1459,UDP,OK,normal,
2024-01-03T00:27:58.464128Z,192.168.1.150,192.168.2.85,22,112,UDP,OK,normal,
2024-01-03T00:28:55.845627Z,10.0.0.183,10.0.0.45,587,1146,TCP,OK,normal,
2024-01-03T00:30:14.361351Z,192.168.2.114,203.0.113.29,443,64,UDP,OK,normal,
2024-01-03T00:41:06.529314Z,10.0.0.52,203.0.113.13,5432,3823,UDP,OK,normal,
2024-01-03T00:45:47.484180Z,192.168.2.59,203.0.113.26,8443,1351,UDP,OK,normal,
2024-01-03T00:46:32.092525Z,10.0.0.160,203.0.113.21,5432,1750,UDP,OK,normal,
2024-01-03T00:49:45.417758Z,192.168.1.189,203.0.113.22,22,1302,TCP,OK,normal,
2024-01-03T00:55:18.922403Z,192.168.2.185,10.0.0.184,587,1128,TCP,OK,normal,
2024-01-03T01:01:28.471169Z,192.168.2.52,203.0.113.4,5432,1298,UDP,OK,normal,
2024-01-03T01:05:29.259738Z,10.0.0.74,192.168.2.40,587,696,UDP,RESET,normal,
2024-01-03T01:05:31.692837Z,192.168.1.72,192.168.2.186,22,481,TCP,OK,normal,
2024-01-03T01:08:44.163651Z,10.0.0.78,192.168.1.215,22,64,TCP,TIMEOUT,normal,
2024-01-03T01:12:44.705793Z,192.168.1.38,10.0.0.163,5432,735,UDP,TIMEOUT,normal,
2024-01-03T01:19:13.374925Z,10.0.0.227,203.0.113.25,80,1736,TCP,RESET,normal,
2024-01-03T01:25:45.962731Z,192.168.2.231,203.0.113.21,443,1758,UDP,TIMEOUT,normal,
2024-01-03T01:26:17.316716Z,10.0.0.82,10.0.0.102,53,461,TCP,OK,normal,
2024-01-03T01:33:08.476640Z,192.168.2.85,192.168.1.43,8080,64,TCP,RESET,normal,
2024-01-03T01:40:13.506132Z,192.168.2.77,203.0.113.22,22,2800,UDP,OK,normal,
2024-01-03T01:45:43.361718Z,192.168.2.98,192.168.2.114,587,2081,UDP,RESET,normal,
2024-01-03T01:46:02.321820Z,192.168.1.184,192.168.2.205,587,2235,TCP,OK,normal,
2024-01-03T01:48:21.027166Z,10.0.0.19,203.0.113.1,3306,1965,UDP,OK,normal,
2024-01-03T01:57:03.055969Z,10.0.0.154,203.0.113.7,3306,2841,UDP,RESET,normal,
2024-01-03T01:57:20.894623Z,10.0.0.131,203.0.113.1,22,130256,TCP,OK,anomaly,volume
2024-01-03T02:04:52.305720Z,192.168.1.233,203.0.113.10,25,1861,TCP,OK,normal,
2024-01-03T02:06:14.525907Z,192.168.1.210,203.0.113.10,8443,2951,UDP,OK,normal,
2024-01-03T02:11:04.730864Z,192.168.1.96,203.0.113.3,8080,1439,TCP,RESET,normal,
2024-01-03T02:21:19.614448Z,192.168.1.206,203.0.113.20,8443,1725,UDP,RESET,normal,
2024-01-03T02:26:17.510730Z,192.168.1.192,192.168.2.199,8443,1418,TCP,OK,normal,
2024-01-03T02:26:52.022498Z,192.168.2.45,10.0.0.52,8080,64,UDP,OK,normal,
2024-01-03T02:29:24.316891Z,192.168.1.167,192.168.1.11,22,1794,UDP,OK,normal,
2024-01-03T02:30:35.971707Z,192.168.2.27,192.168.2.144,587,1386,UDP,RESET,normal,
2024-01-03T03:00:25.432365Z,192.168.1.208,203.0.113.29,8443,1310,TCP,RESET,normal,
2024-01-03T03:03:32.698029Z,192.168.2.57,203.0.113.9,53,1253,UDP,OK,normal,
2024-01-03T03:11:39.134211Z,10.0.0.158,192.168.1.22,80,1925,TCP,OK,normal,
2024-01-03T03:13:28.328284Z,192.168.2.10,203.0.113.6,80,1171,TCP,OK,normal,
2024-01-03T03:14:02.109652Z,10.0.0.101,203.0.113.6,25,1617,TCP,OK,normal,
2024-01-03T03:20:10.627287Z,10.0.0.62,10.0.0.138,53,2324,TCP,OK,normal,
2024-01-03T03:27:06.193621Z,192.168.2.130,192.168.2.106,25,2146,TCP,OK,normal,
2024-01-03T03:31:02.877962Z,10.0.0.97,192.168.1.188,443,64,UDP,TIMEOUT,normal,
2024-01-03T03:32:14.522091Z,10.0.0.7,203.0.113.5,53,1730,UDP,TIMEOUT,normal,
2024-01-03T03:40:44.028189Z,192.168.2.227,192.168.2.122,8080,879,TCP,RESET,normal,
2024-01-03T04:12:09.376684Z,192.168.1.151,203.0.113.14,25,574,UDP,OK,normal,
2024-01-03T04:16:03.716068Z,192.168.2.158,203.0.113.14,25,2354,UDP,OK,normal,
2024-01-03T04:19:23.546578Z,192.168.1.236,10.0.0.2,8080,1549,UDP,OK,normal,
2024-01-03T04:20:13.488677Z,192.168.2.49,192.168.2.130,3306,2731,TCP,RESET,normal,
2024-01-03T04:36:46.309349Z,10.0.0.120,203.0.113.29,3306,872,UDP,RESET,normal,
2024-01-03T04:39:27.010199Z,10.0.0.203,192.168.1.140,8443,2549,TCP,OK,normal,
2024-01-03T04:52:15.120906Z,192.168.1.45,203.0.113.7,8080,1981,UDP,OK,normal,
2024-01-03T04:53:18.992885Z,10.0.0.204,203.0.113.3,8080,1906,UDP,OK,normal,
2024-01-03T04:59:02.862105Z,10.0.0.183,192.168.1.74,22,64,TCP,TIMEOUT,normal,
2024-01-03T05:05:06.492188Z,10.0.0.176,203.0.113.15,587,2838,UDP,OK,normal,
2024-01-03T05:11:12.024553Z,10.0.0.191,10.0.0.43,22,1457,TCP,RESET,normal,
2024-01-03T05:13:28.832002Z,10.0.0.9,203.0.113.23,5432,2437,TCP,OK,normal,
2024-01-03T05:22:48.962272Z,192.168.1.36,203.0.113.4,25,1128,UDP,OK,normal,
2024-01-03T05:33:23.645827Z,192.168.2.155,192.168.2.145,443,2672,UDP,OK,normal,
2024-01-03T05:38:36.967396Z,10.0.0.160,192.168.2.91,443,1339,UDP,OK,normal,
2024-01-03T06:06:38.923819Z,192.168.2.227,203.0.113.18,53,1307,TCP,OK,normal,
2024-01-03T06:14:47.352619Z,192.168.1.157,203.0.113.3,53,259,TCP,OK,normal,
2024-01-03T06:21:49.001174Z,192.168.2.92,203.0.113.9,5432,517,UDP,OK,normal,
2024-01-03T06:25:46.501156Z,192.168.1.39,10.0.0.183,80,460,TCP,OK,normal,
2024-01-03T06:30:08.666794Z,10.0.0.143,10.0.0.133,443,2129,TCP,TIMEOUT,normal,
2024-01-03T06:31:11.630845Z,192.168.1.72,203.0.113.6,25,1812,TCP,TIMEOUT,normal,
2024-01-03T06:36:46.588935Z,192.168.2.3,192.168.2.121,3306,2042,TCP,OK,normal,
2024-01-03T06:37:06.234873Z,10.0.0.175,10.0.0.198,80,1126,UDP,OK,normal,
2024-01-03T06:40:57.379152Z,192.168.1.122,192.168.2.176,8443,1277,TCP,TIMEOUT,normal,
2024-01-03T06:47:39.387983Z,192.168.1.54,203.0.113.20,5432,665,UDP,OK,normal,
2024-01-03T06:48:26.248186Z,192.168.1.69,10.0.0.73,587,1950,UDP,OK,normal,
2024-01-03T06:53:44.513613Z,10.0.0.62,192.168.2.27,25,64,UDP,OK,normal,
2024-01-03T06:54:10.416049Z,10.0.0.138,203.0.113.28,25,1962,UDP,TIMEOUT,normal,
2024-01-03T06:58:30.638316Z,192.168.1.192,203.0.113.7,5432,536,TCP,TIMEOUT,normal,
2024-01-03T07:00:53.476456Z,10.0.0.156,203.0.113.9,25,219,TCP,TIMEOUT,normal,
2024-01-03T07:09:39.357613Z,192.168.2.121,192.168.2.218,22,2087,UDP,RESET,normal,
2024-01-03T07:11:55.362871Z,192.168.2.50,203.0.113.17,22,2156,TCP,OK,normal,
2024-01-03T07:13:38.826751Z,192.168.1.91,203.0.113.5,443,1191,UDP,RESET,normal,
2024-01-03T07:24:13.304459Z,192.168.1.76,203.0.113.23,25,446,TCP,OK,normal,
2024-01-03T07:36:22.304963Z,10.0.0.59,203.0.113.13,3306,373,UDP,OK,normal,
2024-01-03T07:40:35.300246Z,10.0.0.141,192.168.2.16,587,493,TCP,OK,normal,
2024-01-03T07:44:13.458649Z,10.0.0.85,192.168.1.106,3306,2785,TCP,OK,normal,
2024-01-03T07:49:20.701076Z,192.168.1.117,203.0.113.20,3306,487,UDP,OK,normal,
2024-01-03T07:53:34.762343Z,10.0.0.208,192.168.2.72,8443,2009,UDP,OK,normal,
2024-01-03T07:55:50.914317Z,192.168.2.2,203.0.113.23,25,1377,UDP,OK,normal,
2024-01-03T07:58:22.298258Z,10.0.0.228,203.0.113.13,22,298,UDP,OK,normal,
2024-01-03T08:06:28.813346Z,192.168.2.152,203.0.113.7,587,1934,TCP,OK,normal,
2024-01-03T08:19:05.614224Z,192.168.1.72,192.168.1.99,534,104,TCP,RESET,anomaly,portscan
2024-01-03T08:31:25.298113Z,192.168.2.26,203.0.113.27,53,1282,TCP,OK,normal,
2024-01-03T08:32:04.834060Z,192.168.2.42,192.168.2.79,5432,1516,TCP,OK,normal,
2024-01-03T08:32:59.484373Z,192.168.1.218,203.0.113.2,53,1933,UDP,OK,normal,
2024-01-03T08:40:06.939512Z,10.0.0.124,203.0.113.13,8443,2400,UDP,TIMEOUT,normal,
2024-01-03T08:43:36.780899Z,192.168.2.38,203.0.113.2,25,1357,TCP,OK,normal,
2024-01-03T08:44:38.802118Z,192.168.2.109,192.168.2.63,25,2246,UDP,OK,normal,
2024-01-03T08:46:11.471244Z,10.0.0.66,203.0.113.20,25,846,UDP,TIMEOUT,normal,
2024-01-03T08:48:00.277138Z,192.168.1.60,203.0.113.26,8443,851,TCP,OK,normal,
2024-01-03T08:48:49.898775Z,10.0.0.57,203.0.113.24,8080,1002,UDP,OK,normal,
2024-01-03T08:57:11.182035Z,192.168.1.31,192.168.2.179,5432,1160,TCP,OK,normal,
2024-01-03T09:01:35.014223Z,192.168.2.172,10.0.0.46,80,1536,UDP,RESET,normal,
2024-01-03T09:04:17.042821Z,192.168.2.111,192.168.2.119,80,825,TCP,OK,normal,
2024-01-03T09:05:30.898917Z,10.0.0.55,192.168.2.185,5432,1929,UDP,OK,normal,
2024-01-03T09:10:21.475876Z,192.168.2.228,203.0.113.21,25,2507,UDP,RESET,normal,
2024-01-03T09:11:39.839758Z,192.168.2.246,203.0.113.19,5432,1819,TCP,OK,normal,
2024-01-03T09:13:56.488627Z,10.0.0.172,203.0.113.5,8443,1450,UDP,OK,normal,
2024-01-03T09:20:15.854105Z,192.168.1.64,203.0.113.27,587,1194,UDP,OK,normal,
2024-01-03T09:25:15.167663Z,192.168.1.104,192.168.2.113,53,721,TCP,OK,normal,
2024-01-03T09:26:35.828319Z,192.168.1.178,192.168.1.129,3306,1477,UDP,RESET,normal,
2024-01-03T09:27:49.416079Z,192.168.2.115,192.168.2.16,8443,1131,TCP,OK,normal,
2024-01-03T09:27:55.494672Z,192.168.1.172,192.168.2.79,22,1924,UDP,TIMEOUT,normal,
2024-01-03T09:28:51.012303Z,192.168.1.224,192.168.2.165,25,3050,TCP,TIMEOUT,normal,
2024-01-03T09:32:13.234574Z,10.0.0.45,192.168.2.184,8443,1401,TCP,OK,normal,
2024-01-03T09:34:43.971551Z,10.0.0.208,203.0.113.8,443,1645,TCP,OK,normal,
2024-01-03T09:39:20.388706Z,192.168.2.246,203.0.113.3,80,583,TCP,RESET,normal,
2024-01-03T09:41:51.545580Z,192.168.1.36,192.168.1.37,8443,1118,UDP,OK,normal,
2024-01-03T09:52:25.344612Z,10.0.0.35,192.168.1.205,587,538,UDP,TIMEOUT,normal,
2024-01-03T09:59:42.857583Z,192.168.1.199,10.0.0.242,22,1496,UDP,TIMEOUT,normal,
2024-01-03T10:05:16.600226Z,10.0.0.232,203.0.113.21,80,1555,UDP,OK,normal,
2024-01-03T10:09:20.898368Z,192.168.2.150,10.0.0.246,25,2413,UDP,OK,normal,
2024-01-03T10:09:32.560515Z,10.0.0.185,192.168.2.109,80,683,TCP,RESET,normal,
2024-01-03T10:10:08.498432Z,192.168.1.150,10.0.0.53,80,879,TCP,OK,normal,
2024-01-03T10:15:49.366721Z,192.168.1.89,203.0.113.26,22,524,UDP,OK,normal,
2024-01-03T10:18:56.855032Z,10.0.0.252,203.0.113.2,53,744,UDP,OK,normal,
2024-01-03T10:19:41.630557Z,192.168.1.221,192.168.2.93,25,2222,TCP,RESET,normal,
2024-01-03T10:19:53.269619Z,192.168.2.113,203.0.113.13,25,1897,UDP,TIMEOUT,normal,
2024-01-03T10:20:03.803631Z,10.0.0.131,203.0.113.4,443,87280,TCP,OK,anomaly,volume
2024-01-03T10:23:11.685193Z,192.168.2.175,192.168.2.66,8080,2335,TCP,RESET,normal,
2024-01-03T10:29:48.150167Z,192.168.2.80,203.0.113.25,22,878,UDP,OK,normal,
2024-01-03T10:30:06.669260Z,192.168.1.204,203.0.113.27,5432,1801,TCP,OK,normal,
2024-01-03T10:34:50.533060Z,192.168.1.249,203.0.113.8,3306,786,TCP,OK,normal,
2024-01-03T10:40:22.461871Z,192.168.2.250,192.168.2.96,8443,1363,UDP,OK,normal,
2024-01-03T10:42:23.946692Z,10.0.0.159,10.0.0.112,587,497,TCP,TIMEOUT,normal,
2024-01-03T10:43:08.255337Z,10.0.0.143,192.168.2.240,22,1537,UDP,RESET,normal,
2024-01-03T10:44:24.417185Z,192.168.2.207,192.168.1.107,53,1898,TCP,TIMEOUT,normal,
2024-01-03T10:45:31.191142Z,10.0.0.233,203.0.113.21,8443,1781,TCP,RESET,normal,
2024-01-03T10:45:36.713830Z,192.168.1.70,203.0.113.8,8443,1087,TCP,RESET,normal,
2024-01-03T10:47:06.729381Z,10.0.0.105,10.0.0.179,587,1248,UDP,OK,normal,
2024-01-03T10:56:08.800430Z,192.168.1.57,192.168.2.59,22,510,UDP,RESET,normal,
2024-01-03T10:59:56.416207Z,192.168.2.182,192.168.2.4,80,2142,UDP,OK,normal,
2024-01-03T11:00:49.835814Z,192.168.1.105,192.168.2.119,587,101,TCP,OK,normal,
2024-01-03T11:02:17.470516Z,10.0.0.118,203.0.113.11,22,1563,UDP,OK,normal,
2024-01-03T11:05:46.089361Z,10.0.0.131,192.168.2.28,587,1308,UDP,OK,normal,
2024-01-03T11:09:17.233605Z,10.0.0.232,192.168.1.207,8080,1491,UDP,OK,normal,
2024-01-03T11:12:17.262243Z,10.0.0.54,192.168.1.112,25,2523,TCP,RESET,normal,
2024-01-03T11:18:07.889754Z,10.0.0.214,10.0.0.254,8443,1452,TCP,OK,normal,
2024-01-03T11:19:28.679131Z,192.168.1.84,10.0.0.191,5432,450,UDP,TIMEOUT,normal,
2024-01-03T11:20:08.350436Z,10.0.0.88,192.168.2.254,443,2415,UDP,RESET,normal,
2024-01-03T11:22:45.384441Z,192.168.1.107,192.168.2.58,587,663,TCP,OK,normal,
2024-01-03T11:23:54.502160Z,192.168.1.248,192.168.1.236,8080,3145,UDP,TIMEOUT,normal,
2024-01-03T11:24:40.546542Z,192.168.1.14,203.0.113.11,5432,2672,TCP,TIMEOUT,normal,
2024-01-03T11:30:14.163299Z,10.0.0.61,192.168.1.104,25,843,TCP,TIMEOUT,normal,
2024-01-03T11:31:38.504620Z,192.168.1.237,203.0.113.9,80,2398,TCP,OK,normal,
2024-01-03T11:34:47.923365Z,192.168.2.250,192.168.2.98,8443,468,UDP,OK,normal,
2024-01-03T11:36:37.564785Z,192.168.2.173,192.168.1.221,25,1888,UDP,RESET,normal,
2024-01-03T11:46:53.763178Z,192.168.2.165,192.168.1.57,443,1035,UDP,OK,normal,
2024-01-03T11:47:00.865268Z,10.0.0.203,203.0.113.4,587,1353,TCP,OK,normal,
2024-01-03T11:51:44.226251Z,10.0.0.152,10.0.0.53,53,2545,UDP,OK,normal,
2024-01-03T11:54:54.344275Z,192.168.1.49,192.168.2.249,443,468,UDP,OK,normal,
2024-01-03T11:58:52.638913Z,192.168.2.182,203.0.113.3,22,128386,TCP,OK,anomaly,volume
2024-01-03T12:06:23.557024Z,192.168.1.16,203.0.113.14,8443,2006,UDP,OK,normal,
2024-01-03T12:08:33.412518Z,10.0.0.245,192.168.2.92,3306,230,TCP,OK,normal,
2024-01-03T12:12:25.794708Z,192.168.1.119,10.0.0.112,8443,2138,UDP,TIMEOUT,normal,
2024-01-03T12:14:13.470869Z,192.168.2.81,203.0.113.22,587,1204,UDP,TIMEOUT,normal,
2024-01-03T12:14:17.326961Z,192.168.1.213,192.168.2.33,443,1523,UDP,TIMEOUT,normal,
2024-01-03T12:14:32.946631Z,192.168.2.222,192.168.2.238,8080,2269,UDP,RESET,normal,
2024-01-03T12:14:40.847487Z,192.168.2.32,203.0.113.21,8080,995,UDP,OK,normal,
2024-01-03T12:14:54.067724Z,192.168.1.131,10.0.0.227,3306,2418,UDP,TIMEOUT,normal,
2024-01-03T12:15:07.662906Z,10.0.0.221,192.168.1.73,8080,880,UDP,OK,normal,
2024-01-03T12:16:22.790876Z,192.168.1.31,203.0.113.2,8443,1262,UDP,OK,normal,
2024-01-03T12:16:23.500874Z,192.168.2.225,10.0.0.68,25,1534,TCP,OK,normal,
2024-01-03T12:17:59.959861Z,10.0.0.6,10.0.0.64,53,1429,UDP,RESET,normal,
2024-01-03T12:24:49.522838Z,192.168.1.193,192.168.1.3,3306,2091,UDP,RESET,normal,
2024-01-03T12:25:45.839761Z,192.168.1.85,192.168.2.45,3306,1406,TCP,OK,normal,
2024-01-03T12:28:35.963417Z,192.168.2.64,192.168.2.153,8080,1015,TCP,OK,normal,
2024-01-03T12:31:28.537662Z,192.168.2.109,192.168.2.129,5432,64,TCP,OK,normal,
2024-01-03T12:31:38.844653Z,192.168.1.82,203.0.113.17,8080,477,TCP,OK,anomaly,beaconing
2024-01-03T12:35:50.357750Z,192.168.2.39,203.0.113.27,8080,64,TCP,OK,normal,
2024-01-03T12:40:40.609248Z,10.0.0.187,10.0.0.219,25,1240,UDP,RESET,normal,
2024-01-03T12:48:00.125631Z,10.0.0.173,192.168.2.141,5432,804,UDP,OK,normal,
2024-01-03T12:51:25.222680Z,10.0.0.38,203.0.113.2,3306,1968,TCP,RESET,normal,
2024-01-03T12:55:58.267146Z,192.168.1.33,203.0.113.17,587,574,UDP,OK,normal,
2024-01-03T12:56:17.292438Z,192.168.2.23,203.0.113.25,5432,2112,UDP,OK,normal,
2024-01-03T13:02:03.173260Z,192.168.1.164,192.168.2.141,443,760,TCP,OK,normal,
2024-01-03T13:07:26.669699Z,192.168.2.71,203.0.113.6,8443,1405,UDP,OK,normal,
2024-01-03T13:13:10.745306Z,192.168.2.220,10.0.0.104,8080,2115,UDP,OK,normal,
2024-01-03T13:13:40.311539Z,10.0.0.76,192.168.1.248,443,672,TCP,OK,normal,
2024-01-03T13:14:44.390446Z,192.168.2.163,203.0.113.28,8080,1293,UDP,RESET,normal,
2024-01-03T13:16:38.542753Z,192.168.2.157,10.0.0.189,25,1879,TCP,TIMEOUT,normal,
2024-01-03T13:17:53.892853Z,192.168.2.241,203.0.113.25,25,1437,UDP,OK,normal,
2024-01-03T13:19:14.558135Z,192.168.1.78,192.168.2.114,8443,2899,TCP,TIMEOUT,normal,
2024-01-03T13:21:07.497063Z,192.168.2.112,10.0.0.62,8443,1970,UDP,OK,normal,
2024-01-03T13:21:17.907229Z,10.0.0.87,192.168.1.18,3306,484,TCP,TIMEOUT,normal,
2024-01-03T13:24:13.276677Z,10.0.0.3,192.168.1.97,8443,2433,TCP,OK,normal,
2024-01-03T13:26:38.503719Z,10.0.0.21,10.0.0.169,3306,1420,TCP,TIMEOUT,normal,
2024-01-03T13:31:42.601025Z,10.0.0.133,203.0.113.12,3306,1933,UDP,OK,normal,
2024-01-03T13:35:58.276141Z,192.168.2.151,192.168.2.210,8443,447,UDP,OK,normal,
2024-01-03T13:37:35.893723Z,10.0.0.77,192.168.1.216,53,2029,TCP,RESET,normal,
2024-01-03T13:48:41.280446Z,192.168.2.61,192.168.1.61,587,1216,TCP,OK,normal,
2024-01-03T13:52:00.255883Z,10.0.0.185,192.168.1.138,3306,1315,TCP,RESET,normal,
2024-01-03T13:54:25.318894Z,10.0.0.141,203.0.113.2,443,2036,UDP,RESET,normal,
2024-01-03T13:54:33.364644Z,192.168.2.66,192.168.2.214,53,1611,UDP,OK,normal,
2024-01-03T14:09:32.184556Z,192.168.2.139,192.168.1.227,587,756,UDP,OK,normal,
2024-01-03T14:10:03.519819Z,192.168.2.105,203.0.113.12,80,927,UDP,OK,normal,
2024-01-03T14:10:58.270327Z,192.168.1.220,203.0.113.25,443,2129,UDP,TIMEOUT,normal,
2024-01-03T14:12:01.346692Z,192.168.1.254,10.0.0.48,8080,2059,UDP,OK,normal,
2024-01-03T14:12:04.565819Z,192.168.1.245,203.0.113.14,5432,781,UDP,OK,normal,
2024-01-03T14:12:37.717040Z,192.168.2.191,203.0.113.8,80,2844,UDP,TIMEOUT,normal,
2024-01-03T14:14:54.594691Z,192.168.1.129,203.0.113.9,53,2422,TCP,RESET,normal,
2024-01-03T14:16:58.042964Z,192.168.1.65,203.0.113.8,80,3150,UDP,RESET,normal,
2024-01-03T14:21:30.851865Z,192.168.1.201,203.0.113.2,53,64,TCP,OK,normal,
2024-01-03T14:27:44.060806Z,192.168.2.77,203.0.113.4,8443,1501,UDP,OK,normal,
2024-01-03T14:27:48.197840Z,192.168.1.2,203.0.113.13,8443,454,TCP,OK,normal,
2024-01-03T14:31:25.069945Z,192.168.2.235,10.0.0.149,80,839,TCP,RESET,normal,
2024-01-03T14:33:46.389240Z,192.168.2.19,10.0.0.120,53,1042,TCP,RESET,normal,
2024-01-03T14:36:43.530713Z,192.168.1.220,203.0.113.29,80,1756,UDP,OK,normal,
2024-01-03T14:44:47.086818Z,192.168.2.75,203.0.113.10,22,2112,TCP,OK,normal,
2024-01-03T14:47:05.407514Z,192.168.2.73,10.0.0.20,5432,1801,TCP,OK,normal,
2024-01-03T14:47:22.278679Z,192.168.1.83,203.0.113.29,443,2232,TCP,RESET,normal,
2024-01-03T14:47:58.091978Z,192.168.2.71,192.168.2.240,3306,2613,UDP,OK,normal,
2024-01-03T14:49:51.057914Z,10.0.0.195,192.168.2.229,8080,1292,TCP,RESET,normal,
2024-01-03T14:50:23.898563Z,192.168.1.35,192.168.1.109,53,1367,UDP,OK,normal,
2024-01-03T15:05:58.807459Z,10.0.0.25,203.0.113.4,443,1361,UDP,OK,normal,
2024-01-03T15:06:38.496603Z,192.168.2.223,203.0.113.9,5432,1154,UDP,OK,normal,
2024-01-03T15:08:49.496947Z,192.168.1.49,192.168.2.71,443,549,UDP,RESET,normal,
2024-01-03T15:09:20.719182Z,192.168.2.151,203.0.113.3,5432,2683,TCP,OK,normal,
2024-01-03T15:13:07.585268Z,10.0.0.218,10.0.0.231,8080,1125,TCP,OK,normal,
2024-01-03T15:14:11.260215Z,192.168.1.5,203.0.113.2,5432,2774,TCP,RESET,normal,
2024-01-03T15:21:14.947115Z,192.168.2.249,10.0.0.205,8080,1936,TCP,RESET,normal,
2024-01-03T15:22:12.102331Z,10.0.0.206,10.0.0.147,80,1582,TCP,OK,normal,
2024-01-03T15:23:09.750319Z,192.168.2.171,203.0.113.15,22,2238,UDP,TIMEOUT,normal,
2024-01-03T15:29:17.786384Z,192.168.1.221,192.168.1.96,25,839,UDP,OK,normal,
2024-01-03T15:34:35.660170Z,192.168.1.132,192.168.1.197,8443,1777,TCP,OK,normal,
2024-01-03T15:39:48.412576Z,192.168.2.7,203.0.113.20,8080,669,TCP,OK,anomaly,beaconing
2024-01-03T15:44:56.575389Z,10.0.0.178,203.0.113.9,8443,871,TCP,OK,normal,
2024-01-03T15:47:41.791323Z,192.168.1.135,192.168.2.86,8443,2286,TCP,RESET,normal,
2024-01-03T15:49:36.290813Z,192.168.1.100,203.0.113.1,80,64,TCP,OK,normal,
2024-01-03T15:58:27.550757Z,192.168.2.42,203.0.113.2,443,813,UDP,OK,normal,
2024-01-03T16:00:37.122672Z,10.0.0.16,10.0.0.124,8080,2391,UDP,RESET,normal,
2024-01-03T16:08:16.161713Z,192.168.2.224,203.0.113.5,22,3059,UDP,RESET,normal,
2024-01-03T16:14:36.720567Z,192.168.2.124,192.168.2.182,8443,580,UDP,OK,normal,
2024-01-03T16:15:22.274734Z,192.168.1.140,203.0.113.22,3306,437,UDP,RESET,normal,
2024-01-03T16:20:39.336514Z,192.168.1.121,192.168.1.54,53,1875,UDP,OK,normal,
2024-01-03T16:23:59.685502Z,192.168.1.113,192.168.1.21,80,1240,UDP,RESET,normal,
2024-01-03T16:35:55.357818Z,192.168.2.76,192.168.1.247,8080,324,UDP,OK,normal,
2024-01-03T16:39:48.609881Z,10.0.0.50,192.168.2.3,22,1083,TCP,OK,normal,
2024-01-03T16:43:06.995999Z,192.168.1.82,10.0.0.193,587,1157,UDP,OK,normal,
2024-01-03T16:46:24.168335Z,192.168.1.85,203.0.113.23,22,1842,TCP,TIMEOUT,normal,
2024-01-03T16:59:30.231344Z,192.168.1.42,192.168.1.200,53,1642,TCP,OK,normal,
2024-01-03T17:00:15.530670Z,10.0.0.3,203.0.113.10,53,2004,TCP,TIMEOUT,normal,
2024-01-03T17:04:46.634569Z,192.168.2.206,203.0.113.25,8080,3086,TCP,OK,normal,
2024-01-03T17:05:10.361967Z,10.0.0.132,10.0.0.231,25,2861,TCP,RESET,normal,
2024-01-03T17:08:45.522002Z,192.168.1.220,192.168.1.109,3306,2433,TCP,TIMEOUT,normal,
2024-01-03T17:12:53.908782Z,10.0.0.159,203.0.113.29,25,64,TCP,OK,normal,
2024-01-03T17:13:42.062688Z,10.0.0.163,203.0.113.28,443,2047,TCP,RESET,normal,
2024-01-03T17:21:42.979024Z,192.168.2.92,10.0.0.163,8443,2926,TCP,OK,normal,
2024-01-03T17:22:19.307326Z,10.0.0.235,192.168.1.104,22,1509,TCP,OK,normal,
2024-01-03T17:32:06.732629Z,10.0.0.63,203.0.113.28,25,2419,TCP,OK,normal,
2024-01-03T17:34:13.459342Z,192.168.1.200,192.168.1.60,53,1524,UDP,OK,normal,
2024-01-03T17:58:32.668446Z,10.0.0.53,203.0.113.19,22,1821,TCP,RESET,normal,
2024-01-03T18:00:08.614433Z,192.168.2.41,192.168.1.215,53,562,UDP,TIMEOUT,normal,
2024-01-03T18:10:29.864020Z,192.168.1.48,203.0.113.8,22,1263,UDP,TIMEOUT,normal,
2024-01-03T18:11:59.726758Z,10.0.0.226,10.0.0.230,80,2189,UDP,TIMEOUT,normal,
2024-01-03T18:12:46.742195Z,10.0.0.184,10.0.0.219,8443,571,TCP,OK,normal,
2024-01-03T18:26:30.773003Z,192.168.1.38,192.168.2.216,25,2572,UDP,OK,normal,
2024-01-03T18:28:50.111244Z,192.168.2.139,203.0.113.13,25,3555,UDP,OK,normal,
2024-01-03T18:30:41.734880Z,192.168.2.203,192.168.1.116,25,2458,UDP,RESET,normal,
2024-01-03T18:37:03.235597Z,192.168.2.183,192.168.1.22,8443,1001,TCP,TIMEOUT,normal,
2024-01-03T18:42:38.456504Z,192.168.1.16,10.0.0.80,443,1195,TCP,OK,normal,
2024-01-03T18:52:03.848088Z,10.0.0.126,203.0.113.1,53,436,TCP,OK,normal,
2024-01-03T18:52:31.958537Z,192.168.1.164,192.168.2.137,80,1432,TCP,OK,normal,
2024-01-03T19:01:35.964540Z,10.0.0.107,203.0.113.8,443,2031,UDP,OK,normal,
2024-01-03T19:02:56.904305Z,192.168.2.228,192.168.1.167,8443,789,UDP,TIMEOUT,normal,
2024-01-03T19:04:35.283291Z,192.168.1.72,10.0.0.239,121,78,TCP,RESET,anomaly,portscan
2024-01-03T19:04:44.195940Z,192.168.1.72,10.0.0.239,385,62,TCP,RESET,anomaly,portscan
2024-01-03T19:04:44.570414Z,192.168.1.72,10.0.0.239,676,87,TCP,OK,anomaly,portscan
2024-01-03T19:09:04.140312Z,10.0.0.118,192.168.2.117,3306,2663,TCP,OK,normal,
2024-01-03T19:21:16.288082Z,192.168.2.171,10.0.0.251,80,2392,TCP,OK,normal,
2024-01-03T19:22:32.179504Z,10.0.0.30,10.0.0.183,587,2297,UDP,OK,normal,
2024-01-03T19:22:56.849296Z,192.168.1.243,203.0.113.22,22,98331,TCP,OK,anomaly,volume
2024-01-03T19:35:32.968829Z,10.0.0.64,203.0.113.1,80,116281,TCP,OK,anomaly,volume
2024-01-03T19:37:48.607549Z,192.168.1.59,203.0.113.6,8080,1933,TCP,OK,normal,
2024-01-03T19:40:48.031214Z,192.168.2.9,203.0.113.6,25,112,UDP,OK,normal,
2024-01-03T19:47:34.027694Z,192.168.1.24,10.0.0.22,25,2481,TCP,OK,normal,
2024-01-03T19:55:32.868423Z,192.168.2.93,203.0.113.20,22,930,TCP,OK,normal,
2024-01-03T20:15:30.528935Z,10.0.0.52,192.168.2.221,22,687,TCP,RESET,normal,
2024-01-03T20:21:10.914192Z,192.168.1.13,203.0.113.12,5432,2829,UDP,OK,normal,
2024-01-03T20:25:24.264758Z,10.0.0.184,192.168.2.171,5432,1466,TCP,OK,normal,
2024-01-03T20:51:37.243575Z,10.0.0.115,10.0.0.119,53,2081,UDP,OK,normal,
2024-01-03T20:55:06.222177Z,10.0.0.45,203.0.113.21,5432,1943,UDP,OK,normal,
2024-01-03T21:09:34.270697Z,192.168.1.60,192.168.2.97,53,2187,TCP,OK,normal,
2024-01-03T21:16:40.423075Z,192.168.2.184,192.168.2.178,3306,1300,TCP,OK,normal,
2024-01-03T21:16:46.667698Z,192.168.1.41,203.0.113.23,80,1670,TCP,RESET,normal,
2024-01-03T21:37:10.935078Z,192.168.2.61,10.0.0.172,53,246,UDP,OK,normal,
2024-01-03T21:40:12.331716Z,10.0.0.50,192.168.1.120,22,1660,UDP,OK,normal,
2024-01-03T22:18:16.382767Z,192.168.1.72,192.168.1.24,651,72,TCP,TIMEOUT,anomaly,portscan
2024-01-03T22:18:17.505754Z,192.168.1.72,192.168.1.24,269,51,TCP,TIMEOUT,anomaly,portscan
2024-01-03T22:20:08.057369Z,10.0.0.22,192.168.1.228,53,1215,TCP,TIMEOUT,normal,
2024-01-03T22:39:51.950876Z,192.168.1.46,10.0.0.132,5432,859,TCP,OK,normal,
2024-01-03T23:00:40.891540Z,192.168.2.233,192.168.2.34,53,1429,TCP,OK,normal,
2024-01-03T23:15:01.990274Z,192.168.1.8,10.0.0.131,3306,813,TCP,RESET,normal,
2024-01-03T23:29:50.493782Z,192.168.2.123,10.0.0.164,53,2863,TCP,OK,normal,
2024-01-03T23:37:10.460730Z,192.168.2.64,203.0.113.9,8443,1590,TCP,OK,normal,
2024-01-03T23:59:59Z,10.0.0.151,203.0.113.10,25,1117,TCP,OK,normal,
2024-01-03T23:59:59Z,192.168.1.52,192.168.1.67,53,1977,UDP,OK,normal,
2024-01-03T23:59:59Z,192.168.2.82,10.0.0.249,3306,273,UDP,OK,normal,
2024-01-03T23:59:59Z,192.168.2.70,10.0.0.226,443,935,TCP,OK,normal,
2024-01-03T23:59:59Z,192.168.1.206,203.0.113.10,587,1886,UDP,OK,normal,
2024-01-03T23:59:59Z,192.168.2.219,203.0.113.23,22,626,TCP,OK,normal,
2024-01-03T23:59:59Z,192.168.1.149,203.0.113.14,8080,1668,TCP,OK,normal,
2024-01-03T23:59:59Z,192.168.2.73,10.0.0.126,5432,1480,UDP,OK,normal,
2024-01-03T23:59:59Z,192.168.1.192,192.168.2.45,53,1676,TCP,OK,normal,
2024-01-03T23:59:59Z,10.0.0.24,203.0.113.20,5432,2409,TCP,OK,normal,
2024-01-03T23:59:59Z,192.168.1.82,192.168.1.202,80,64,TCP,OK,normal,
2024-01-03T23:59:59Z,192.168.1.58,203.0.113.6,443,804,TCP,OK,normal,
2024-01-03T23:59:59Z,192.168.2.222,192.168.2.68,443,1397,TCP,OK,normal,
2024-01-03T23:59:59Z,192.168.2.218,192.168.1.237,8080,1252,TCP,RESET,normal,
2024-01-03T23:59:59Z,10.0.0.124,203.0.113.10,80,2945,TCP,OK,normal,
2024-01-03T23:59:59Z,192.168.1.88,203.0.113.17,8443,1666,UDP,OK,normal,
2024-01-03T23:59:59Z,10.0.0.239,203.0.113.13,587,2172,TCP,OK,normal,
2024-01-03T23:59:59Z,192.168.2.41,203.0.113.13,587,1610,UDP,OK,normal,
2024-01-03T23:59:59Z,192.168.1.214,192.168.2.43,443,1424,TCP,RESET,normal,
2024-01-03T23:59:59Z,192.168.1.39,192.168.1.79,53,64,TCP,OK,normal,
2024-01-03T23:59:59Z,192.168.1.249,203.0.113.1,443,499,TCP,TIMEOUT,normal,
2024-01-03T23:59:59Z,192.168.2.91,10.0.0.168,22,1604,TCP,TIMEOUT,normal,
2024-01-03T23:59:59Z,10.0.0.110,192.168.2.220,80,1834,TCP,OK,normal,
2024-01-03T23:59:59Z,192.168.2.24,203.0.113.7,25,1205,UDP,RESET,normal,
2024-01-03T23:59:59Z,192.168.1.250,203.0.113.23,443,1178,TCP,OK,normal,
2024-01-03T23:59:59Z,192.168.2.122,203.0.113.5,8443,1610,UDP,TIMEOUT,normal,
2024-01-03T23:59:59Z,10.0.0.179,203.0.113.17,587,710,UDP,TIMEOUT,normal,
2024-01-03T23:59:59Z,192.168.1.204,192.168.2.106,3306,149,TCP,OK,normal,
